day1,day2,day3,day4,day5,day6,day7,phase
36.77,36.72,36.75,36.59,36.75,36.98,36.66,luteal
36.63,36.92,36.64,36.65,36.55,36.42,36.49,menstrual
36.17,36.22,36.23,36.42,36.19,36.67,36.61,luteal
36.57,36.34,36.37,36.36,36.5,36.49,36.48,follicular
36.34,36.41,36.36,36.46,36.42,36.24,36.4,follicular
36.26,36.83,36.77,36.8,36.76,36.79,36.92,luteal
36.42,36.52,36.44,36.41,36.39,36.43,36.36,ovulatory
36.29,36.25,36.31,36.32,36.26,36.31,36.36,follicular
36.84,36.99,36.82,36.7,36.43,36.55,36.48,menstrual
36.61,36.37,36.49,36.55,36.66,36.61,36.69,luteal
36.37,36.31,36.17,36.31,35.93,36.25,36.02,follicular
36.62,36.69,36.68,36.58,35.79,36.31,35.95,menstrual
36.75,36.74,36.69,36.77,36.37,36.35,36.34,menstrual
36.48,36.72,37.0,36.89,36.92,37.06,36.88,luteal
36.43,36.11,36.28,36.27,36.12,35.95,36.12,ovulatory
36.28,36.32,36.45,36.22,36.78,36.71,36.65,luteal
36.46,36.36,36.31,36.28,36.31,36.42,36.33,follicular
36.21,36.2,36.1,36.25,36.27,36.1,36.29,follicular
36.79,36.95,36.79,36.91,36.32,36.54,36.48,menstrual
36.56,36.46,36.55,36.51,36.65,36.62,36.56,luteal
36.74,36.68,36.56,36.57,36.29,36.17,36.21,menstrual
36.38,36.45,36.28,36.31,36.38,36.34,36.37,follicular
36.4,36.21,36.36,36.42,36.19,36.13,36.54,follicular
36.18,36.21,36.11,36.6,36.64,36.65,36.69,luteal
36.92,36.91,36.93,36.85,36.87,37.01,36.66,luteal
36.15,36.39,36.15,36.14,36.26,36.18,36.39,follicular
36.31,36.38,36.26,36.34,36.29,36.29,36.24,follicular
36.77,36.88,36.81,36.82,36.28,36.37,36.27,menstrual
36.34,36.8,36.89,36.9,36.76,36.83,36.82,luteal
36.72,36.46,36.62,36.52,36.14,36.08,36.04,menstrual
36.71,36.57,36.54,36.59,36.45,36.64,36.33,follicular
36.69,36.8,36.7,36.62,36.67,36.74,36.88,luteal
36.06,36.13,36.17,36.14,36.0,35.96,36.17,ovulatory
36.9,36.7,36.74,36.56,36.33,36.54,36.35,menstrual
36.3,36.34,36.22,36.13,36.23,36.13,36.21,follicular
36.49,36.42,36.38,36.46,36.42,36.36,36.32,ovulatory
36.08,36.35,36.26,36.16,36.31,36.32,36.19,follicular
36.17,36.1,36.17,36.18,35.97,36.11,36.07,ovulatory
36.22,36.16,36.38,36.29,36.18,36.22,36.07,ovulatory
36.34,36.86,36.94,36.84,36.81,36.91,36.79,luteal
36.24,36.23,36.12,36.0,36.26,35.94,36.22,follicular
36.5,36.34,36.37,36.26,36.39,36.41,36.13,ovulatory
36.52,36.49,36.62,36.82,36.73,36.53,36.61,luteal
36.59,36.5,36.49,36.57,36.47,36.52,36.46,follicular
36.54,36.69,36.65,36.78,36.49,36.21,36.54,menstrual
36.38,36.55,36.43,36.48,36.37,36.53,36.28,ovulatory
37.02,36.91,36.87,36.87,36.57,36.45,36.48,menstrual
36.23,36.14,36.21,36.1,36.27,36.18,36.15,ovulatory
36.45,36.43,36.45,36.47,36.44,36.5,36.39,ovulatory
37.0,36.88,36.82,36.77,36.56,36.67,36.45,menstrual
36.94,36.77,36.79,36.74,36.42,36.35,36.36,menstrual
36.54,36.64,36.43,36.59,36.12,36.2,36.24,menstrual
36.23,36.33,36.94,36.94,36.87,36.7,37.01,luteal
36.52,36.47,36.48,36.66,36.53,36.27,36.45,ovulatory
36.14,36.11,36.15,36.26,35.96,36.15,36.03,ovulatory
36.16,36.05,36.35,36.07,36.35,36.09,36.3,follicular
36.61,36.79,36.57,36.37,37.02,36.46,36.66,luteal
36.52,36.09,36.24,36.24,36.82,36.87,36.87,luteal
36.43,36.4,36.41,36.5,36.39,36.38,36.48,follicular
36.28,36.35,36.34,36.54,36.32,36.27,36.24,ovulatory
36.22,36.23,36.2,36.23,36.23,36.28,36.15,follicular
36.17,36.08,36.2,36.15,36.03,35.99,36.06,ovulatory
36.36,36.24,36.27,36.34,36.22,36.26,36.16,follicular
36.48,36.84,36.65,36.82,36.62,36.68,36.9,luteal
36.39,36.32,36.45,36.34,36.24,36.41,36.37,follicular
36.36,36.42,36.36,36.45,36.34,36.83,36.77,luteal
36.9,36.8,37.01,36.93,36.85,36.89,36.95,luteal
36.4,36.37,36.42,36.22,36.31,36.31,36.44,ovulatory
36.43,36.38,36.21,36.64,36.75,36.69,36.7,luteal
36.28,36.33,36.36,36.31,36.27,36.28,36.27,ovulatory
36.64,36.68,36.8,36.64,36.19,36.29,36.1,menstrual
36.83,36.58,36.76,36.53,36.65,36.4,36.54,luteal
36.47,36.57,36.5,36.57,36.2,36.14,36.09,menstrual
36.78,36.9,36.74,36.72,36.17,36.39,36.4,menstrual
36.37,36.15,36.19,36.27,36.28,36.24,36.85,luteal
36.79,36.81,36.68,36.85,36.39,36.3,36.3,menstrual
36.61,36.59,36.56,36.83,36.22,36.37,36.25,menstrual
36.81,36.67,36.68,36.85,36.68,36.7,36.8,luteal
36.24,36.27,36.24,36.21,36.2,36.35,36.17,follicular
36.88,36.42,36.56,36.3,36.52,36.74,36.81,luteal
36.13,36.13,36.32,36.32,36.24,36.11,36.03,ovulatory
36.68,36.78,36.72,36.73,36.54,36.29,36.29,menstrual
36.36,36.26,36.31,36.26,36.55,36.24,36.15,ovulatory
36.8,36.82,36.67,36.63,36.8,36.72,36.68,luteal
36.19,36.12,36.16,36.27,36.14,36.07,36.17,follicular
36.64,36.79,36.85,36.71,36.78,36.83,36.78,luteal
36.42,36.42,36.45,36.43,36.51,36.43,36.23,follicular
36.13,35.98,36.59,36.62,36.68,36.4,36.49,luteal
36.33,36.42,36.16,36.34,36.29,36.53,36.17,ovulatory
36.42,36.32,36.31,36.24,36.34,36.8,36.95,luteal
36.2,36.38,36.37,36.38,36.33,36.24,36.19,follicular
36.22,36.19,36.13,36.59,36.58,36.66,36.66,luteal
36.33,36.52,36.54,36.39,36.36,36.39,36.23,ovulatory
36.7,36.58,36.65,36.69,36.25,36.23,36.22,menstrual
36.09,36.19,36.18,36.12,36.17,36.15,36.11,ovulatory
36.33,36.2,36.05,36.32,36.02,36.67,36.55,luteal
36.14,36.26,36.28,36.19,36.3,36.29,36.33,follicular
36.23,36.17,36.3,36.28,36.22,36.18,36.14,ovulatory
36.5,36.37,36.44,36.4,36.39,36.46,36.48,follicular
36.78,36.81,36.9,36.73,36.5,36.31,36.38,menstrual
36.28,36.17,36.03,36.1,36.12,36.13,36.1,follicular
36.7,36.67,36.78,36.58,36.32,36.47,36.38,menstrual
36.49,36.44,36.43,36.4,36.15,36.02,36.09,menstrual
36.5,36.39,36.63,36.39,36.27,36.37,36.58,follicular
36.45,36.77,36.82,36.91,36.83,36.81,36.86,luteal
36.27,36.21,36.11,36.26,36.29,36.43,36.04,ovulatory
36.58,36.63,36.59,36.62,36.23,36.18,36.2,menstrual
36.17,36.31,36.14,36.1,35.98,36.54,36.57,luteal
36.24,36.18,36.08,36.14,36.15,36.17,36.15,ovulatory
36.09,36.04,36.09,36.14,36.09,36.09,35.95,ovulatory
36.54,36.67,36.62,36.41,36.51,36.49,36.44,luteal
36.3,36.27,36.31,36.4,36.44,36.38,36.38,ovulatory
36.03,36.08,36.07,36.16,36.04,36.15,36.18,follicular
36.27,36.18,36.33,36.88,36.42,36.6,36.53,luteal
36.76,36.72,36.79,36.67,36.56,36.71,36.59,luteal
36.51,36.33,36.59,36.54,36.34,36.03,36.1,menstrual
36.27,36.27,36.4,36.28,36.35,36.42,36.3,ovulatory
36.59,36.78,36.9,36.81,37.0,36.86,36.92,luteal
36.32,36.0,36.43,36.13,36.37,36.52,36.22,follicular
36.22,36.22,36.2,36.11,36.21,36.33,36.04,ovulatory
36.83,36.64,36.75,36.76,36.8,36.62,36.79,luteal
36.48,36.51,36.66,36.53,36.65,36.83,36.71,luteal
36.23,36.09,36.15,35.98,36.24,36.22,36.26,follicular
36.47,36.26,36.37,36.22,36.35,36.24,36.12,ovulatory
36.64,36.69,36.72,36.76,36.33,36.35,36.36,menstrual
36.21,36.44,36.16,36.27,36.32,36.65,36.66,luteal
36.62,36.66,36.59,36.64,36.32,36.27,36.2,menstrual
36.3,36.37,36.23,36.28,36.23,36.28,36.25,ovulatory
36.38,36.12,36.59,36.68,36.73,36.72,36.72,luteal
36.53,36.56,36.56,36.46,36.15,36.09,36.19,menstrual
36.55,36.9,36.8,36.72,36.56,36.71,36.61,luteal
36.31,36.26,36.22,36.26,36.27,36.21,36.18,ovulatory
36.45,36.43,36.21,36.37,36.4,36.53,36.35,follicular
36.31,36.33,36.47,36.33,36.2,36.56,36.27,follicular
36.31,36.41,36.51,36.37,36.31,36.43,36.59,follicular
36.14,36.52,36.32,36.14,36.55,36.34,36.01,ovulatory
36.5,36.42,36.4,36.42,36.26,36.31,36.28,follicular
36.07,36.22,36.3,36.08,36.21,36.19,36.2,follicular
36.0,36.16,36.09,36.25,36.22,36.17,35.98,ovulatory
36.04,35.96,36.05,36.33,36.2,36.11,36.01,follicular
36.65,36.82,36.67,36.87,36.27,36.26,36.48,menstrual
36.04,36.16,36.18,35.98,36.11,36.24,35.91,ovulatory
36.0,36.09,36.55,36.09,36.03,36.17,36.11,ovulatory
36.85,37.01,36.96,36.9,36.71,36.49,36.41,menstrual
36.8,36.73,36.78,36.6,36.34,36.28,36.62,menstrual
36.12,36.28,36.23,36.26,36.84,36.71,36.63,luteal
36.42,36.36,36.3,36.52,36.53,36.35,36.26,ovulatory
36.39,36.37,36.42,36.15,36.32,36.69,36.26,follicular
36.15,36.16,36.09,36.07,36.09,36.11,35.9,ovulatory
36.72,36.7,36.73,36.75,36.73,36.67,36.81,luteal
36.31,36.44,36.19,36.41,36.39,36.33,36.27,follicular
36.19,36.22,36.16,36.11,35.98,36.04,35.95,follicular
36.5,36.24,36.28,36.28,36.12,36.54,36.63,luteal
36.86,36.72,36.81,36.72,36.3,36.35,36.49,menstrual
35.93,36.59,36.79,36.48,36.44,36.39,36.43,luteal
36.22,36.11,36.28,36.3,36.2,36.14,36.07,ovulatory
36.17,36.48,36.4,36.52,36.55,36.44,36.62,follicular
36.43,36.31,36.37,36.4,36.29,36.4,36.3,follicular
36.19,36.36,36.37,36.23,36.47,36.29,36.29,follicular
36.69,36.44,36.54,36.38,36.51,36.39,36.26,follicular
36.46,36.49,36.57,36.6,36.22,36.1,36.04,menstrual
36.53,36.64,36.41,36.56,36.19,36.17,36.14,menstrual
35.98,36.56,36.55,36.61,36.61,36.62,36.69,luteal
36.7,36.74,36.79,36.81,36.79,36.79,36.79,luteal
36.49,36.44,36.9,36.8,36.94,36.8,36.79,luteal
36.6,36.66,36.49,36.7,36.37,36.33,36.12,menstrual
36.52,36.37,36.33,36.68,36.15,36.2,36.28,menstrual
36.4,36.64,36.49,36.46,36.48,36.6,36.45,luteal
36.48,36.5,36.36,36.51,36.49,36.28,36.2,ovulatory
36.41,36.42,36.58,36.15,36.42,36.52,36.44,follicular
36.34,36.3,36.3,36.3,36.39,36.2,36.03,ovulatory
36.6,36.76,36.81,36.82,36.53,37.18,36.87,luteal
36.24,36.25,36.27,36.27,36.28,36.25,36.26,follicular
36.42,36.48,36.67,36.48,36.11,36.09,36.19,menstrual
36.57,36.44,36.4,36.43,36.52,36.62,36.51,ovulatory
36.79,37.12,36.7,36.96,37.08,36.89,36.92,luteal
36.52,36.46,36.48,36.48,36.67,36.37,36.42,follicular
36.14,36.32,36.28,36.26,36.15,36.21,36.32,follicular
36.05,36.07,36.19,36.2,36.11,36.07,36.14,follicular
37.02,36.92,36.99,36.87,36.63,36.36,36.59,menstrual
36.45,36.44,36.47,36.37,36.47,36.42,36.4,ovulatory
36.79,36.7,36.56,36.82,36.66,36.51,36.59,luteal
36.97,36.71,36.57,36.52,36.27,36.36,36.01,menstrual
36.46,36.37,36.39,36.37,36.38,36.45,36.24,ovulatory
36.2,36.08,36.43,36.12,36.43,36.34,36.34,follicular
37.12,36.91,37.02,36.77,36.62,36.63,36.48,menstrual
36.5,36.47,36.62,36.45,36.2,36.13,36.27,menstrual
36.11,36.28,36.21,36.17,35.97,36.22,36.36,follicular
36.69,36.95,36.64,36.59,36.28,36.33,36.15,menstrual
36.43,36.33,36.23,36.75,36.84,36.96,36.83,luteal
36.3,36.31,36.48,36.46,36.31,36.47,36.4,follicular
36.21,36.29,36.4,36.42,36.52,36.5,36.43,ovulatory
36.33,36.25,36.11,36.31,36.33,36.33,36.42,follicular
36.34,36.29,36.46,36.0,36.71,36.52,36.57,luteal
36.39,36.43,36.32,36.36,36.43,36.45,36.39,follicular
36.38,36.44,36.37,36.37,36.42,36.37,36.28,ovulatory
36.2,36.3,36.2,36.19,36.27,35.89,36.05,follicular
36.48,36.39,36.32,36.22,36.48,36.35,36.18,ovulatory
36.74,36.74,36.8,36.69,36.49,36.37,36.32,menstrual
36.71,36.71,36.67,36.59,36.2,36.21,36.23,menstrual
36.21,36.29,36.39,36.46,36.43,36.5,36.29,ovulatory
36.47,36.26,36.35,36.17,36.35,36.38,36.36,follicular
36.58,36.44,36.36,36.61,36.17,36.41,36.18,menstrual
36.93,37.02,36.63,37.04,36.21,36.4,36.28,menstrual
36.86,36.6,36.83,36.63,36.34,36.46,36.31,menstrual
36.19,36.24,36.25,36.3,36.36,36.34,36.27,ovulatory
36.8,36.84,36.91,36.84,36.93,36.95,36.8,luteal
36.87,36.9,37.01,36.98,36.96,36.84,36.8,luteal
36.4,36.54,36.26,36.17,36.47,36.39,36.15,ovulatory
36.84,36.83,36.84,36.6,36.38,36.5,36.49,menstrual
36.29,36.28,36.3,36.31,36.26,36.33,36.18,ovulatory
36.82,36.86,36.73,36.88,36.35,36.29,36.45,menstrual
36.31,36.3,36.01,36.1,36.24,36.18,36.24,follicular
36.37,36.51,36.5,36.46,36.66,36.39,36.55,follicular
36.66,36.63,36.84,36.57,36.71,36.69,36.68,luteal
36.45,36.69,36.7,36.6,36.37,36.35,36.26,menstrual
36.26,36.08,36.15,36.19,36.13,36.22,36.16,follicular
36.18,36.21,36.25,36.33,36.14,36.71,36.73,luteal
36.35,36.11,36.07,36.19,36.02,36.57,36.57,luteal
36.19,36.45,36.51,36.36,36.2,36.42,36.19,ovulatory
36.58,36.46,36.58,36.77,36.45,36.22,36.42,menstrual
36.59,36.58,36.36,36.68,36.21,36.19,36.39,menstrual
36.12,36.26,36.1,36.14,36.15,36.02,36.27,follicular
36.79,36.78,36.9,36.77,36.93,36.79,36.91,luteal
36.66,36.61,36.72,36.67,36.68,36.6,36.82,luteal
36.57,36.74,36.5,36.71,36.21,36.34,36.24,menstrual
36.66,36.32,36.51,36.49,36.48,36.56,36.62,luteal
36.51,36.68,36.46,36.51,36.56,36.55,36.52,luteal
36.3,36.08,35.88,36.0,36.21,36.05,35.94,ovulatory
36.48,36.48,36.55,36.61,36.24,36.26,36.02,menstrual
36.32,36.47,36.41,36.29,36.86,36.74,36.69,luteal
36.76,36.72,36.61,36.61,36.19,36.19,36.22,menstrual
36.34,36.14,36.47,36.51,36.4,36.7,36.79,luteal
36.81,36.83,36.89,36.79,36.49,36.51,36.41,menstrual
36.82,36.8,36.92,36.92,36.43,36.46,36.43,menstrual
36.31,36.08,36.34,36.34,36.35,36.38,36.25,follicular
36.77,36.88,36.87,36.85,36.3,36.51,36.63,menstrual
36.72,36.72,36.52,36.41,36.41,36.62,36.92,luteal
36.6,36.53,36.4,36.34,36.59,36.43,36.48,follicular
36.64,36.69,36.47,36.7,36.26,36.13,36.27,menstrual
36.61,36.5,36.47,36.56,36.37,36.48,36.4,luteal
36.41,36.4,36.34,36.33,36.39,36.42,36.41,follicular
36.64,36.41,36.77,36.65,36.69,36.52,36.55,luteal
36.81,36.78,36.64,36.78,36.45,36.29,36.29,menstrual
36.92,36.68,36.82,36.98,36.47,36.35,36.58,menstrual
36.43,36.32,36.36,36.25,36.32,36.08,36.1,ovulatory
36.11,36.02,36.11,36.07,36.11,36.18,36.09,ovulatory
36.45,36.54,36.48,36.49,36.16,36.19,35.96,menstrual
36.33,36.14,36.22,36.12,36.28,36.18,36.05,ovulatory
36.18,36.15,36.09,36.08,36.07,36.05,36.17,follicular
36.4,36.36,36.67,36.33,36.54,36.53,36.27,ovulatory
36.27,36.18,36.24,36.2,36.2,36.26,36.1,follicular
36.65,36.55,36.86,36.44,36.69,36.66,36.49,luteal
36.25,36.29,36.11,36.26,36.2,36.22,36.09,ovulatory
36.68,36.93,36.57,36.86,36.44,36.15,36.29,menstrual
36.53,36.47,36.38,36.79,36.42,36.07,36.11,menstrual
36.64,36.62,36.7,36.66,36.42,36.33,36.23,menstrual
36.49,36.52,36.55,36.47,36.69,36.66,36.98,luteal
36.68,36.7,36.72,36.63,36.21,36.37,36.22,menstrual
36.66,36.57,36.68,36.48,36.1,36.28,36.09,menstrual
36.38,36.44,36.36,36.3,36.83,36.81,36.78,luteal
36.39,36.3,36.26,36.43,36.34,36.26,36.92,luteal
36.27,36.13,36.29,36.22,36.26,36.14,36.65,luteal
36.44,36.16,36.34,36.33,36.15,36.19,36.23,follicular
36.41,36.45,36.43,36.42,36.49,36.3,36.8,luteal
36.22,36.28,36.2,36.42,36.37,36.36,36.52,follicular
36.8,36.84,36.71,36.68,36.83,36.71,36.7,luteal
36.92,36.75,36.89,36.85,36.03,36.53,36.66,menstrual
36.77,36.75,36.8,36.77,36.56,36.2,36.33,menstrual
36.3,36.38,36.23,36.26,36.13,36.18,36.3,follicular
36.06,36.28,36.26,36.13,36.08,36.32,35.97,ovulatory
36.46,36.39,36.49,36.37,36.37,36.34,36.34,ovulatory
36.24,36.13,36.22,36.07,36.15,36.25,36.07,follicular
36.49,36.2,36.39,36.59,36.28,36.41,36.25,follicular
36.58,36.53,36.63,36.43,36.02,36.12,36.05,menstrual
36.8,36.77,36.73,36.74,36.37,36.41,36.37,menstrual
36.75,36.53,36.54,36.71,36.24,36.19,36.3,menstrual
36.35,36.34,36.15,36.16,36.23,36.2,36.04,follicular
36.38,36.42,36.35,36.34,36.51,36.37,36.43,ovulatory
36.76,36.6,36.76,36.64,36.17,36.25,36.3,menstrual
36.3,36.23,36.41,36.37,36.22,36.16,36.39,follicular
36.79,36.76,36.41,36.69,35.99,36.3,36.14,menstrual
36.85,36.78,36.78,36.8,36.86,36.86,36.86,luteal
36.51,36.55,36.42,36.6,36.13,36.27,36.17,menstrual
36.62,36.58,36.33,36.65,36.21,36.35,36.12,menstrual
36.46,36.42,36.43,36.43,36.5,36.46,36.29,follicular
36.86,36.76,36.67,36.86,36.3,36.44,36.44,menstrual
36.12,36.05,36.37,36.56,36.59,36.5,36.64,luteal
36.25,36.25,36.31,36.26,36.27,36.06,36.2,follicular
36.33,36.46,36.3,36.39,36.56,36.61,36.55,ovulatory
36.46,36.43,36.52,36.54,36.14,36.16,36.11,menstrual
36.87,36.93,37.01,36.81,36.42,36.32,36.6,menstrual
36.5,36.79,36.73,36.87,36.18,36.28,36.3,menstrual
36.78,36.88,36.82,36.86,36.52,36.47,36.45,menstrual
36.1,36.15,36.14,36.21,36.12,36.23,36.12,ovulatory
36.21,36.32,36.08,36.8,36.62,36.89,36.6,luteal
36.14,36.14,36.1,36.23,35.99,36.09,36.22,follicular
36.32,36.15,36.15,36.13,36.03,36.04,36.05,follicular
36.89,36.76,36.79,36.94,36.77,36.84,36.7,luteal
36.5,36.59,36.42,36.32,36.39,36.44,36.5,ovulatory
36.81,36.73,36.69,36.75,36.43,36.28,36.12,menstrual
36.69,36.78,36.82,36.73,36.23,36.07,36.33,menstrual
36.67,36.62,37.02,36.8,36.43,36.3,36.28,menstrual
36.48,36.48,36.57,36.53,36.16,36.14,36.14,menstrual
36.46,36.28,36.38,36.43,36.46,36.4,36.35,follicular
36.86,37.01,36.86,36.9,36.85,36.8,36.79,luteal
36.4,36.24,36.38,36.39,36.26,36.97,36.77,luteal
36.7,36.62,36.7,36.57,36.8,36.71,36.76,luteal
36.18,36.29,36.53,36.09,36.48,36.29,36.62,follicular
36.81,36.8,36.81,36.89,36.72,36.82,36.81,luteal
36.78,36.84,36.73,36.83,36.47,36.25,36.44,menstrual
36.53,36.45,36.56,36.66,36.24,36.13,36.22,menstrual
36.38,36.33,36.38,36.46,36.41,36.5,36.31,ovulatory
36.7,36.78,36.77,36.72,36.71,36.73,36.69,luteal
36.86,36.99,36.74,36.55,36.31,36.29,36.42,menstrual
36.87,36.78,36.87,36.7,36.83,37.0,36.71,luteal
36.65,36.74,36.86,36.73,36.26,36.17,36.44,menstrual
36.33,36.78,36.85,36.77,36.78,36.84,36.78,luteal
36.07,36.17,36.15,36.22,36.34,36.14,35.85,ovulatory
36.41,36.35,36.47,36.54,36.24,36.27,36.37,follicular
36.73,36.75,36.82,36.83,36.42,36.38,36.37,menstrual
36.8,36.71,36.98,36.94,36.87,36.99,36.71,luteal
36.98,36.88,36.85,36.8,36.81,36.85,36.77,luteal
36.34,36.34,36.37,36.26,36.26,36.42,36.24,ovulatory
35.92,36.36,36.08,36.3,36.17,36.34,36.31,follicular
36.78,36.87,36.41,36.74,36.76,36.65,36.7,luteal
36.43,36.38,36.39,36.37,36.33,36.09,36.29,ovulatory
36.55,36.3,36.7,36.71,36.87,36.73,36.56,luteal
37.01,36.84,36.86,36.83,36.39,36.42,36.56,menstrual
36.3,36.54,36.39,36.4,36.31,36.49,36.39,ovulatory
36.21,36.41,36.24,36.18,36.28,36.28,36.2,ovulatory
36.85,36.61,36.5,36.5,36.23,35.89,36.24,menstrual
36.58,36.58,36.52,36.56,36.27,36.02,36.18,menstrual
36.48,36.69,36.23,36.45,36.43,36.13,36.38,ovulatory
36.9,36.82,37.0,37.01,36.32,36.56,36.36,menstrual
36.3,36.1,36.33,36.31,36.42,36.28,36.35,follicular
36.08,36.13,35.98,36.33,36.3,36.04,36.1,follicular
36.84,36.78,36.83,36.89,36.83,36.78,36.86,luteal
36.66,36.89,36.94,36.71,37.04,36.91,37.14,luteal
36.42,36.34,36.41,36.37,36.53,36.18,36.78,luteal
36.18,36.01,36.37,36.26,36.32,36.29,36.23,ovulatory
36.74,36.62,36.79,36.72,36.34,36.41,36.43,menstrual
36.77,36.63,36.84,36.8,36.79,36.58,36.81,luteal
36.73,36.92,36.89,36.74,36.84,36.72,36.86,luteal
36.28,36.66,36.4,36.51,36.34,36.46,36.5,follicular
36.38,36.29,36.36,36.23,36.18,36.36,36.38,follicular
36.44,36.35,36.41,36.24,36.18,36.24,36.23,ovulatory
36.78,36.89,36.88,37.03,36.82,36.93,36.83,luteal
36.08,36.18,36.27,36.22,36.11,36.14,36.08,ovulatory
36.44,36.47,36.34,36.53,36.37,36.31,36.35,ovulatory
36.44,36.42,36.71,36.81,36.89,36.79,36.77,luteal
36.27,36.79,37.02,37.01,36.81,37.09,36.85,luteal
36.53,36.44,36.56,36.45,36.51,36.52,36.55,follicular
36.09,36.24,36.33,36.23,36.17,36.25,36.03,ovulatory
36.54,36.29,36.15,36.39,36.26,36.45,36.4,follicular
36.68,36.53,36.89,36.41,36.25,36.27,36.41,menstrual
36.18,36.23,36.11,36.15,36.22,36.13,35.98,ovulatory
36.37,36.37,36.42,36.28,36.28,36.2,36.21,ovulatory
36.39,36.43,36.35,36.28,36.32,36.38,36.25,follicular
36.24,36.18,36.12,36.04,36.48,36.65,36.44,luteal
36.38,36.07,36.27,36.15,36.27,36.06,36.1,ovulatory
36.73,36.82,36.77,36.75,36.36,36.29,36.42,menstrual
36.19,36.29,36.11,36.18,36.23,36.27,36.09,ovulatory
36.67,36.79,36.74,36.69,36.51,36.4,36.35,menstrual
36.31,36.4,36.39,36.28,36.38,36.41,36.48,follicular
36.29,35.93,36.34,36.03,36.25,36.1,35.97,ovulatory
36.07,36.2,36.06,36.08,36.26,36.27,36.13,ovulatory
36.58,36.53,36.67,36.73,36.68,36.76,36.8,luteal
36.78,36.81,36.77,36.59,36.34,36.45,36.45,menstrual
36.44,36.44,36.41,36.49,36.39,36.3,36.55,follicular
36.39,36.36,36.68,36.78,36.04,36.01,36.1,menstrual
36.7,36.9,36.77,36.68,36.39,36.47,36.15,menstrual
36.55,36.67,36.61,36.4,36.26,36.18,36.27,menstrual
36.06,36.03,36.16,36.07,36.05,36.06,36.0,ovulatory
36.19,36.09,36.09,36.46,36.38,36.42,36.32,ovulatory
35.93,36.18,36.28,36.3,36.0,36.6,36.61,luteal
36.65,36.51,36.63,36.63,36.28,36.19,36.14,menstrual
36.33,36.22,36.4,36.44,36.29,36.17,36.48,follicular
36.04,36.13,36.02,36.17,36.1,36.04,36.0,ovulatory
36.84,36.77,36.94,36.92,36.82,36.93,36.99,luteal
36.53,36.75,36.64,36.46,36.32,36.44,36.61,follicular
36.41,36.36,36.4,36.45,36.39,36.45,36.44,ovulatory
36.31,36.35,36.13,36.35,36.26,36.13,36.2,follicular
36.2,36.06,36.18,36.35,36.16,36.34,36.31,follicular
36.15,36.14,36.22,36.25,36.36,36.44,36.39,ovulatory
36.02,36.14,36.29,36.25,36.23,36.2,36.63,luteal
36.03,36.26,36.04,36.32,36.37,36.67,36.41,luteal
36.36,36.36,36.29,36.31,36.32,36.26,36.25,ovulatory
36.89,36.84,36.74,36.72,36.4,36.36,36.41,menstrual
36.26,36.33,36.23,36.22,36.28,36.44,36.28,follicular
36.22,36.14,36.02,36.17,36.25,36.3,35.96,ovulatory
36.58,36.49,36.38,36.56,36.2,36.01,36.2,menstrual
36.77,36.86,36.89,36.79,36.5,36.48,36.3,menstrual
36.37,36.43,36.32,36.69,36.75,36.69,36.8,luteal
36.44,36.15,36.47,36.44,36.43,36.48,36.87,luteal
36.71,36.67,36.71,36.73,36.26,36.32,36.27,menstrual
36.25,36.25,36.15,36.23,36.21,36.09,36.3,follicular
36.36,36.32,36.4,36.41,36.23,36.36,36.48,follicular
36.62,36.68,36.55,36.66,36.0,36.2,36.22,menstrual
36.76,36.94,36.81,36.63,36.78,36.61,36.97,luteal
36.1,36.1,35.91,36.23,36.16,36.16,36.05,ovulatory
36.5,36.45,36.17,36.31,36.44,36.5,36.13,follicular
36.27,36.49,36.34,36.31,35.97,36.61,37.01,luteal
36.26,36.25,36.26,36.2,36.18,36.25,36.16,ovulatory
36.35,36.58,36.42,36.5,36.2,36.01,36.3,follicular
36.87,36.76,36.76,36.75,36.48,36.4,36.32,menstrual
36.23,36.13,36.16,36.15,36.1,36.14,36.05,ovulatory
36.12,36.16,36.04,35.93,36.28,36.17,35.94,ovulatory
36.13,36.02,36.16,36.1,36.18,36.16,36.09,follicular
36.4,36.51,36.28,36.49,36.34,36.28,36.39,follicular
36.62,36.67,36.56,36.81,36.91,36.47,36.37,luteal
36.36,36.36,36.36,36.38,36.35,36.29,36.08,ovulatory
36.53,36.49,36.57,36.59,36.35,36.5,36.29,follicular
36.56,36.68,36.83,36.76,36.37,36.54,36.43,menstrual
36.37,36.25,36.25,36.53,36.42,36.3,36.34,follicular
36.37,36.43,36.37,36.21,36.36,36.29,36.23,ovulatory
36.24,36.36,36.31,36.5,36.49,36.63,36.38,ovulatory
36.14,36.18,36.28,36.11,36.07,36.01,35.84,ovulatory
36.3,36.29,36.55,36.48,36.32,36.44,36.31,follicular
36.61,36.41,36.85,36.37,36.15,36.07,36.24,menstrual
36.41,36.48,36.54,36.6,36.53,36.38,36.47,follicular
36.55,36.46,36.52,36.62,36.45,36.39,36.55,luteal
36.5,36.56,36.43,36.47,36.4,36.58,36.54,follicular
36.5,36.62,36.62,36.55,36.09,36.1,36.16,menstrual
36.83,36.56,36.78,36.74,36.34,36.51,36.31,menstrual
36.75,36.46,36.79,36.82,36.25,36.13,36.14,menstrual
36.29,36.17,36.7,36.19,36.26,36.32,36.25,ovulatory
36.77,37.03,36.89,36.97,36.47,36.65,36.43,menstrual
36.95,36.81,36.83,36.8,36.43,36.41,36.38,menstrual
36.82,36.73,36.93,36.83,36.86,36.67,36.57,luteal
36.23,36.56,36.35,36.29,36.21,36.14,36.35,follicular
36.35,36.52,36.6,36.45,36.58,36.36,36.2,follicular
36.73,36.71,36.84,36.78,36.41,36.36,36.37,menstrual
36.31,36.25,36.5,36.48,36.42,36.47,36.25,follicular
36.74,36.67,36.82,36.82,36.41,36.29,36.38,menstrual
36.05,36.1,35.91,36.29,36.27,36.27,36.06,ovulatory
36.42,36.46,36.41,36.6,36.73,36.76,36.89,luteal
36.33,36.39,36.34,36.35,36.39,36.35,36.16,ovulatory
36.79,36.8,36.87,36.83,36.59,36.57,36.4,menstrual
36.73,36.69,36.46,36.63,36.51,36.64,36.71,luteal
36.41,36.24,36.23,36.18,35.97,36.13,36.14,follicular
36.89,36.82,36.82,36.73,36.37,36.32,36.41,menstrual
36.27,36.16,36.2,36.23,36.11,36.68,36.66,luteal
36.29,36.29,36.28,36.33,36.25,36.29,36.34,follicular
36.58,36.65,36.38,36.33,36.34,36.45,36.7,follicular
36.23,36.17,36.16,36.16,36.33,36.08,36.24,follicular
36.38,36.24,36.13,36.18,36.35,36.2,36.17,follicular
36.02,36.37,36.39,36.36,36.45,36.58,36.0,follicular
36.6,36.5,36.54,36.43,36.34,36.3,36.77,luteal
36.29,36.15,36.33,36.27,36.3,36.23,36.3,follicular
36.59,36.5,36.47,36.57,36.55,36.52,36.53,luteal
36.08,36.09,35.98,36.1,36.04,36.13,35.96,follicular
36.16,36.2,36.21,36.18,36.19,36.3,36.25,follicular
36.56,36.78,36.63,36.76,36.64,36.72,36.87,luteal
36.18,36.36,36.45,36.28,36.06,36.34,36.23,follicular
36.36,36.38,36.45,36.38,36.21,36.24,36.27,follicular
36.48,36.7,36.47,36.58,36.74,36.42,36.73,luteal
36.76,36.81,36.75,36.85,36.32,36.45,36.31,menstrual
36.88,36.82,37.01,36.91,36.99,36.97,37.03,luteal
36.34,36.58,36.44,36.4,36.67,36.43,36.35,ovulatory
36.78,36.53,36.81,36.56,36.37,36.45,36.3,menstrual
36.33,36.29,36.16,36.44,36.33,36.37,36.3,ovulatory
36.55,36.41,36.43,36.46,36.56,36.48,36.43,follicular
36.44,36.19,35.98,36.46,36.22,36.28,36.21,follicular
37.04,36.82,36.97,37.2,36.59,36.3,36.39,menstrual
36.51,36.45,36.5,36.47,36.44,36.43,36.21,ovulatory
35.89,36.04,36.52,36.44,36.69,36.69,36.67,luteal
36.61,36.46,36.58,36.79,36.4,36.33,36.26,menstrual
36.3,36.22,36.44,36.32,36.21,36.35,36.24,ovulatory
36.39,36.55,36.26,36.47,36.36,36.57,36.38,ovulatory
36.12,36.34,36.33,36.2,36.46,36.22,36.03,ovulatory
36.72,36.84,36.8,36.83,36.34,36.41,36.57,menstrual
36.4,36.56,36.25,36.38,36.51,36.39,36.43,follicular
35.83,36.07,36.39,36.03,36.28,36.01,36.01,ovulatory
36.81,36.84,36.92,36.76,36.42,36.43,36.37,menstrual
36.45,36.54,36.61,36.53,36.53,36.47,36.49,luteal
35.78,36.42,36.75,36.45,36.57,36.36,36.63,luteal
36.52,36.75,36.77,36.91,36.32,36.43,36.31,menstrual
36.23,36.26,36.18,36.27,36.16,36.09,36.14,ovulatory
36.28,36.34,36.44,36.3,36.28,36.2,36.23,follicular
36.09,36.84,36.73,36.69,36.85,36.72,36.64,luteal
36.42,36.47,36.67,36.58,36.43,36.49,36.39,ovulatory
36.81,36.82,36.75,36.55,36.46,36.34,36.2,menstrual
36.7,36.4,36.08,36.89,36.82,36.72,36.62,luteal
36.52,36.34,36.23,36.32,36.28,36.28,36.27,follicular
36.34,36.29,36.36,36.49,36.19,36.7,36.78,luteal
36.61,36.7,36.77,36.57,36.33,36.31,36.25,menstrual
36.04,36.23,36.08,36.4,36.49,36.06,36.09,ovulatory
36.31,36.15,36.11,36.2,36.02,36.19,35.94,ovulatory
36.22,36.08,36.15,36.22,36.15,36.06,36.19,follicular
36.16,36.14,36.09,36.11,36.18,36.16,36.2,ovulatory
36.39,36.51,36.49,36.55,36.56,36.43,36.47,ovulatory
36.38,36.42,36.34,36.35,36.36,36.41,36.42,follicular
36.8,36.68,36.84,36.6,36.55,35.87,36.35,menstrual
36.21,36.27,36.32,36.22,36.19,36.26,36.21,follicular
36.95,36.96,37.03,36.93,36.81,36.95,36.89,luteal
36.69,36.48,36.67,36.74,36.02,36.09,36.07,menstrual
37.11,36.91,36.95,36.98,36.44,36.33,36.52,menstrual
36.43,36.46,36.32,36.32,36.47,36.34,36.24,ovulatory
36.46,36.36,36.48,36.46,36.61,36.54,36.58,follicular
36.26,36.25,36.2,36.31,36.14,36.29,36.09,follicular
36.71,36.72,36.58,36.76,36.38,36.53,36.25,menstrual
36.84,36.92,36.8,36.72,36.38,36.25,36.41,menstrual
37.0,37.0,36.86,36.68,36.74,36.88,36.87,luteal
36.22,36.13,36.23,36.15,36.23,36.39,36.02,follicular
36.14,36.16,36.14,36.02,36.15,36.14,36.08,ovulatory
35.88,36.37,36.3,36.2,36.44,36.11,36.03,ovulatory
36.38,36.38,36.42,36.47,36.43,36.09,36.66,ovulatory
36.34,36.19,36.34,36.4,36.37,36.27,36.36,follicular
36.58,36.39,36.57,36.57,36.62,36.47,36.5,luteal
36.31,36.4,36.28,36.35,36.27,36.18,36.35,follicular
36.73,36.66,36.68,36.8,36.31,36.26,36.3,menstrual
36.04,36.09,36.7,36.57,36.71,36.66,36.78,luteal
36.81,36.93,36.94,36.8,36.82,36.85,36.69,luteal
35.93,36.02,36.23,35.98,36.14,36.27,36.09,ovulatory
36.42,36.37,36.32,36.43,36.43,36.81,36.4,follicular
36.4,36.4,36.53,36.52,36.46,36.27,36.29,follicular
36.74,36.83,36.77,36.9,36.9,36.75,36.86,luteal
36.8,36.84,36.54,36.51,36.44,36.5,36.56,menstrual
36.43,36.58,36.52,36.43,36.25,36.24,36.12,menstrual
36.11,36.35,36.21,36.52,36.32,36.05,36.36,ovulatory
36.26,36.1,36.52,36.84,36.47,36.6,36.68,luteal
36.08,36.51,36.6,36.53,36.5,36.51,36.44,luteal
36.25,36.25,36.19,36.16,36.03,36.11,36.0,follicular
36.25,36.02,36.17,36.24,36.13,36.14,36.05,ovulatory
36.7,36.73,36.83,36.58,36.31,36.15,36.25,menstrual
36.39,36.29,36.54,36.4,36.37,36.44,36.31,follicular
36.66,36.63,36.74,36.81,36.72,36.67,36.64,luteal
36.43,36.55,36.3,36.8,36.82,36.94,36.87,luteal
36.31,36.26,36.29,36.24,36.26,36.27,36.24,ovulatory
36.17,36.49,36.4,36.68,36.54,36.58,36.65,luteal
36.23,36.07,36.3,36.37,36.15,36.26,36.27,ovulatory
36.5,36.49,36.4,36.33,36.55,36.44,36.21,ovulatory
36.44,36.14,35.93,36.45,36.02,36.54,35.91,ovulatory
36.48,36.74,36.45,36.33,36.11,35.91,36.3,menstrual
36.26,36.12,36.46,36.58,36.52,36.57,36.59,luteal
36.45,36.49,36.5,36.44,36.04,36.09,35.99,menstrual
36.7,36.62,36.67,36.86,36.32,36.36,36.4,menstrual
36.68,36.65,36.65,36.74,36.29,36.28,36.32,menstrual
36.47,36.47,36.37,36.4,36.46,36.44,36.41,ovulatory
36.91,36.76,36.79,36.83,36.68,36.28,36.46,menstrual
36.68,36.73,36.78,36.81,36.41,36.44,36.28,menstrual
36.49,36.29,36.35,36.29,36.1,36.15,36.15,ovulatory
36.59,36.37,36.42,36.53,36.09,36.09,36.27,menstrual
36.19,36.28,36.04,36.16,36.37,36.07,36.14,ovulatory
36.24,36.48,36.48,36.22,36.21,36.43,36.44,ovulatory
36.42,36.34,36.37,36.31,36.42,36.42,36.24,ovulatory
36.42,36.08,36.45,36.62,36.73,36.59,36.71,luteal
36.23,36.12,36.14,36.13,36.16,36.1,36.22,follicular
36.69,36.73,36.69,36.66,36.77,36.77,36.77,luteal
36.72,36.62,36.69,36.83,36.87,36.93,37.05,luteal
36.41,36.4,36.45,36.33,36.35,36.36,36.21,ovulatory
36.47,36.51,36.5,36.62,36.55,36.55,36.64,luteal
36.34,36.13,36.28,36.25,36.41,36.38,36.2,follicular
36.61,36.5,36.42,36.49,36.61,36.52,36.41,luteal
36.71,36.32,36.59,36.57,36.36,36.61,36.63,luteal
36.58,36.58,36.69,36.5,36.53,36.41,36.5,ovulatory
36.6,36.74,36.71,36.66,36.84,36.92,36.91,luteal
36.48,36.68,36.8,36.2,36.13,36.52,36.21,follicular
36.71,36.69,36.64,36.65,36.53,36.52,36.55,luteal
36.34,36.35,36.39,36.34,36.36,36.32,36.37,follicular
36.79,36.52,36.76,36.7,36.21,36.28,36.28,menstrual
36.29,36.17,36.06,36.19,36.38,36.22,36.17,ovulatory
36.71,36.78,36.8,36.73,36.33,36.34,36.42,menstrual
36.14,36.46,36.4,36.61,36.17,36.4,36.28,follicular
36.57,36.4,36.5,36.49,36.38,36.53,36.5,follicular
36.46,36.67,36.62,36.52,36.06,36.15,36.07,menstrual
36.47,36.45,36.5,36.48,36.52,36.5,36.42,follicular
36.21,36.19,36.16,36.51,36.6,36.58,36.53,luteal
36.26,36.17,36.27,36.13,36.23,36.16,36.2,follicular
36.38,36.41,36.36,36.33,36.38,36.32,36.57,follicular
36.31,35.96,36.43,36.2,36.1,36.44,36.31,ovulatory
36.18,36.33,36.47,36.45,36.37,36.8,36.8,luteal
36.35,36.49,36.39,36.26,36.48,36.54,36.42,follicular
36.73,36.64,36.68,36.34,36.66,36.61,36.76,luteal
35.98,36.25,36.02,36.02,36.11,36.04,36.2,follicular
36.29,36.28,36.65,36.38,36.39,36.3,36.33,follicular
36.49,36.41,36.37,36.74,36.81,36.92,36.75,luteal
36.66,36.62,36.67,36.77,36.28,36.19,36.14,menstrual
36.45,36.56,36.5,36.43,36.44,36.24,36.2,ovulatory
36.43,36.21,36.38,36.32,37.05,36.79,36.77,luteal
36.26,36.35,36.39,36.59,36.42,36.37,36.57,follicular
37.03,36.81,36.84,36.94,36.31,36.47,36.57,menstrual
36.03,36.19,36.16,36.26,36.24,36.25,36.28,ovulatory
36.84,36.66,36.78,36.76,36.79,36.78,36.79,luteal
36.74,36.61,36.72,36.58,36.0,36.46,36.01,menstrual
36.39,36.1,36.23,36.25,36.25,36.19,36.09,ovulatory
36.29,36.4,36.31,36.42,36.13,36.3,36.26,ovulatory
36.83,36.72,36.85,36.81,36.24,36.42,36.19,menstrual
36.39,36.27,36.23,36.26,36.27,36.18,35.96,follicular
36.01,36.47,36.29,36.17,36.22,36.07,36.15,follicular
36.23,36.09,36.31,36.09,36.08,36.1,36.15,ovulatory
36.01,36.11,36.09,36.23,36.15,36.11,36.23,follicular
36.38,36.33,36.37,36.57,36.37,36.26,36.3,ovulatory
36.35,36.1,36.28,36.12,36.4,36.33,36.14,follicular
36.51,36.44,36.42,36.22,36.91,36.88,36.73,luteal
36.07,36.08,36.12,36.16,36.04,36.04,36.02,ovulatory
36.76,36.6,36.5,36.61,36.66,36.7,36.55,luteal
36.61,36.73,36.82,36.73,36.75,36.92,36.88,luteal
36.95,36.97,36.7,36.77,36.46,36.32,36.47,menstrual
36.51,36.49,36.5,36.57,36.12,36.08,36.14,menstrual
36.6,36.58,36.49,36.48,36.26,36.26,36.1,menstrual
36.54,36.65,36.34,36.72,36.89,36.72,36.83,luteal
36.75,36.56,36.48,36.62,36.34,36.21,36.1,menstrual
36.24,36.14,36.2,36.2,36.13,36.31,36.08,follicular
36.06,36.24,36.29,36.31,35.91,36.2,36.09,follicular
36.98,36.84,36.85,36.86,36.49,36.47,36.45,menstrual
36.26,36.08,35.99,36.23,36.32,36.35,35.83,ovulatory
36.1,36.17,36.12,36.17,36.2,36.24,36.03,ovulatory
36.32,36.07,36.53,36.4,36.52,36.45,36.5,luteal
36.16,36.23,36.19,36.18,35.99,36.16,36.08,follicular
36.32,36.1,36.46,36.51,36.9,36.38,36.66,luteal
36.32,36.17,36.72,36.77,36.77,36.84,36.5,luteal
36.23,36.17,36.16,36.22,36.21,36.47,36.19,follicular
36.3,36.13,36.36,36.18,36.01,36.34,36.23,ovulatory
36.52,36.5,36.52,36.57,36.1,36.25,36.27,menstrual
36.46,36.31,36.29,36.44,36.39,36.41,36.27,follicular
36.15,36.06,36.13,36.28,36.14,36.12,36.09,follicular
36.04,36.49,36.3,36.57,36.39,36.07,36.14,ovulatory
36.12,36.06,35.95,36.1,36.02,36.12,35.87,follicular
36.4,36.44,36.42,36.17,36.33,36.22,36.39,follicular
36.31,36.39,36.37,36.41,36.43,36.46,36.35,ovulatory
36.41,36.37,36.38,36.87,36.83,36.9,36.84,luteal
36.2,36.28,36.23,36.3,36.25,36.19,36.29,follicular
36.44,36.69,36.76,36.58,36.14,36.09,36.11,menstrual
36.08,36.15,36.2,36.15,36.09,35.96,36.55,luteal
36.12,36.37,36.25,36.33,36.26,36.17,36.17,ovulatory
36.77,36.63,36.56,36.71,36.29,36.5,36.46,menstrual
36.18,36.18,36.14,36.09,36.32,36.26,36.32,follicular
36.25,36.21,35.99,36.21,36.02,36.05,36.21,ovulatory
36.81,36.62,36.4,36.45,36.47,36.51,36.69,luteal
36.59,36.63,36.7,36.73,36.78,36.82,36.72,luteal
36.3,36.55,36.49,36.45,36.35,36.32,36.35,follicular
36.07,36.03,36.11,36.02,36.09,36.14,36.04,follicular
36.81,36.79,36.82,36.57,36.33,36.36,36.22,menstrual
35.96,36.15,36.28,36.37,36.06,36.15,36.09,ovulatory
36.28,36.1,35.97,36.15,35.97,36.05,35.89,ovulatory
36.55,36.56,36.52,36.53,36.55,36.58,36.48,luteal
36.6,36.41,36.37,36.44,36.36,36.29,36.43,follicular
36.82,36.93,36.67,36.83,36.93,36.68,36.73,luteal
36.68,36.56,36.49,36.6,36.18,36.06,36.42,menstrual
36.22,36.31,36.25,36.23,36.24,36.05,36.26,follicular
36.7,36.75,36.71,36.69,36.37,36.29,36.25,menstrual
36.56,36.54,36.69,36.5,36.26,36.29,36.24,menstrual
36.93,36.99,36.85,36.93,36.88,36.95,37.01,luteal
35.98,36.12,36.14,36.13,36.13,36.14,35.98,ovulatory
36.31,36.46,36.4,36.32,36.4,36.61,36.32,follicular
36.58,36.39,36.51,36.6,36.12,36.04,36.21,menstrual
36.25,36.3,36.21,36.31,36.31,36.41,36.75,luteal
36.54,36.48,36.49,36.61,36.12,36.08,36.21,menstrual
36.53,36.38,36.38,36.37,36.27,36.29,36.33,follicular
36.49,36.31,36.41,36.17,36.29,36.43,36.3,ovulatory
36.86,36.85,36.75,36.79,36.61,36.51,36.56,menstrual
36.29,36.35,36.4,36.29,35.95,36.38,36.05,ovulatory
36.43,36.42,36.67,36.62,36.48,36.51,36.25,luteal
36.4,36.68,36.8,36.65,36.75,36.81,36.88,luteal
36.18,36.43,36.45,36.36,36.28,36.19,36.37,follicular
36.44,36.6,36.52,36.7,36.15,36.41,36.07,menstrual
36.02,35.95,35.75,35.85,36.19,36.26,36.2,follicular
36.96,36.83,36.67,36.84,36.96,36.89,36.98,luteal
36.29,36.21,36.15,36.29,36.13,36.24,35.96,ovulatory
36.72,36.69,36.74,36.7,36.3,36.28,36.31,menstrual
36.32,36.41,36.32,36.26,36.36,36.36,36.42,follicular
36.24,36.31,36.28,36.31,36.24,36.25,36.17,ovulatory
36.97,36.73,36.86,37.04,36.96,36.91,36.99,luteal
36.85,36.9,36.71,37.02,36.79,36.71,36.79,luteal
36.51,36.32,36.41,36.57,36.68,36.55,36.29,follicular
36.59,36.49,36.43,36.42,36.0,36.14,36.14,menstrual
36.6,36.66,36.85,36.67,36.2,36.58,36.16,menstrual
36.33,36.2,36.51,36.18,36.44,36.06,36.44,follicular
36.49,36.48,36.45,36.37,36.51,36.44,36.37,ovulatory
36.44,36.13,36.32,36.37,36.56,36.27,36.32,ovulatory
36.4,36.39,36.39,36.48,36.41,36.48,36.3,ovulatory
36.8,36.61,36.62,36.57,36.23,36.16,36.16,menstrual
36.69,36.61,36.64,36.67,36.12,36.22,36.29,menstrual
36.36,36.56,36.51,36.47,36.3,36.37,36.28,ovulatory
36.46,36.32,36.4,36.36,36.42,36.6,36.4,ovulatory
36.08,36.22,36.27,36.25,36.12,36.18,36.24,follicular
36.33,36.57,36.55,36.61,36.57,36.65,36.3,follicular
36.35,36.24,36.39,36.38,36.48,36.5,36.21,ovulatory
36.49,36.24,36.87,36.84,36.41,36.77,36.86,luteal
36.76,36.77,36.82,36.74,36.4,36.09,36.08,menstrual
36.31,36.29,36.21,36.16,36.22,36.29,36.41,follicular
36.86,36.53,36.75,36.96,36.49,36.43,36.11,menstrual
36.08,36.11,36.15,36.09,35.99,36.07,35.88,ovulatory
36.32,36.79,36.8,36.75,36.71,36.8,36.81,luteal
36.78,36.8,36.61,36.71,36.73,36.79,36.76,luteal
36.33,36.33,36.2,36.23,36.15,36.32,36.21,follicular
35.99,36.16,35.92,36.45,36.33,36.55,36.5,luteal
36.07,36.28,36.0,36.04,36.65,36.46,36.82,luteal
36.28,36.38,36.38,36.37,36.19,36.49,36.39,follicular
36.37,36.25,36.09,36.28,36.23,36.35,36.11,ovulatory
36.28,36.47,36.31,36.35,36.26,36.32,36.13,ovulatory
36.36,36.77,36.94,36.83,37.02,36.86,36.93,luteal
36.11,36.15,36.18,36.12,36.14,36.13,36.16,follicular
36.47,36.75,36.78,37.11,36.28,36.33,36.11,menstrual
36.36,36.38,36.39,36.42,36.49,36.92,36.84,luteal
36.75,36.73,36.87,36.63,36.36,36.4,36.36,menstrual
36.47,36.74,36.5,36.7,36.67,36.36,36.57,follicular
36.47,36.47,36.38,36.86,36.94,36.88,36.89,luteal
36.45,36.7,36.42,36.55,36.33,36.23,36.35,menstrual
36.74,36.74,36.72,36.62,36.16,36.49,36.19,menstrual
36.35,36.42,36.53,36.53,36.19,36.16,36.22,menstrual
36.22,36.23,36.2,36.13,36.11,36.21,36.06,ovulatory
36.62,36.7,36.68,36.57,36.64,36.61,36.97,luteal
36.81,36.83,36.8,36.94,36.41,36.44,36.37,menstrual
36.44,36.3,36.48,36.5,36.34,36.3,36.26,ovulatory
36.35,36.31,36.34,36.43,36.41,36.42,36.28,ovulatory
36.41,36.56,36.45,36.64,36.51,36.5,36.54,follicular
36.22,35.99,36.25,36.22,36.11,36.45,36.38,luteal
36.5,36.55,36.54,36.45,36.28,36.27,36.16,menstrual
36.58,36.59,36.4,36.42,36.46,36.45,36.52,luteal
36.43,36.54,36.34,36.54,36.54,36.5,36.7,luteal
36.49,36.34,36.26,36.38,36.37,36.28,36.38,follicular
36.32,36.5,36.47,36.39,36.36,36.38,36.33,ovulatory
36.29,36.38,36.54,36.76,36.32,36.76,36.39,luteal
36.11,36.27,36.19,36.47,36.44,36.5,36.64,luteal
36.35,36.43,36.43,36.29,36.41,36.43,36.33,ovulatory
36.6,36.63,36.68,36.64,36.21,36.26,36.15,menstrual
36.22,36.11,36.02,36.08,36.11,36.54,36.53,luteal
36.88,37.01,36.78,36.78,36.99,36.91,36.71,luteal
36.63,36.54,36.58,36.8,36.23,36.12,36.19,menstrual
36.66,36.57,36.69,36.59,36.27,36.37,36.21,menstrual
36.53,36.47,36.68,36.83,36.34,35.91,36.25,menstrual
36.44,36.51,36.48,36.55,36.37,36.21,36.56,follicular
36.35,36.24,36.24,36.24,36.25,36.22,36.36,follicular
36.68,36.49,36.6,36.54,36.18,36.31,35.96,menstrual
36.88,36.93,36.95,36.63,36.34,36.53,36.48,menstrual
36.14,36.29,36.3,36.13,36.19,36.29,36.46,luteal
36.61,36.62,36.42,36.45,36.3,36.2,36.31,ovulatory
36.51,36.36,36.55,36.37,36.62,36.43,36.63,follicular
36.13,36.44,36.01,36.34,36.21,36.36,36.14,ovulatory
36.28,36.25,36.16,36.36,36.24,36.34,36.34,follicular
35.93,36.33,36.24,36.18,36.31,36.21,35.97,follicular
36.35,36.46,36.52,36.44,36.58,36.38,36.46,follicular
36.22,36.01,36.23,35.97,36.36,36.26,36.14,follicular
36.32,36.42,36.55,36.38,36.28,36.39,36.34,follicular
36.98,36.43,36.6,36.49,36.09,36.17,36.15,menstrual
36.4,36.5,36.52,36.3,36.25,36.25,36.25,ovulatory
36.28,36.38,36.31,36.0,36.31,36.06,36.53,follicular
36.78,36.88,36.8,36.88,36.46,36.39,36.5,menstrual
36.52,36.47,36.55,36.25,36.44,36.3,36.27,ovulatory
36.97,36.68,36.73,36.67,36.35,36.33,36.09,menstrual
36.84,36.7,36.9,36.94,36.75,36.66,36.9,luteal
36.38,36.27,36.31,36.33,36.16,36.3,36.25,ovulatory
36.31,36.8,36.34,36.17,36.34,36.35,36.48,ovulatory
36.11,36.2,36.11,36.1,36.12,36.12,36.09,ovulatory
36.24,36.28,36.28,36.25,36.29,36.3,36.15,ovulatory
36.26,36.29,36.37,36.31,36.29,36.35,36.44,follicular
36.75,36.78,36.99,36.82,36.71,36.95,36.92,luteal
36.75,36.92,36.9,36.61,36.92,36.93,36.84,luteal
36.48,36.41,36.39,36.4,36.33,36.33,36.33,follicular
36.33,36.36,36.43,36.76,36.8,36.79,36.79,luteal
36.66,36.53,36.83,36.42,36.09,36.38,36.28,menstrual
36.71,36.59,36.68,36.68,36.46,36.46,36.23,menstrual
36.86,36.82,36.72,36.81,36.79,36.73,36.73,luteal
36.46,36.58,36.42,36.56,36.0,35.98,36.13,menstrual
37.08,36.95,36.69,36.88,37.02,36.84,36.73,luteal
36.49,36.56,36.47,36.48,36.04,36.17,36.11,menstrual
36.87,36.82,36.73,36.65,36.47,36.49,36.37,menstrual
36.74,36.56,36.67,36.66,36.28,36.16,36.16,menstrual
36.7,36.72,36.74,36.78,36.23,36.13,36.18,menstrual
36.59,36.51,36.34,36.47,35.92,36.3,36.18,menstrual
36.17,36.28,36.28,36.26,36.08,36.16,36.26,follicular
36.32,36.17,36.21,36.35,36.2,36.02,36.15,ovulatory
36.06,36.57,36.51,36.58,36.58,36.55,36.64,luteal
36.57,36.79,36.65,36.51,36.69,36.68,36.62,luteal
36.45,36.34,36.26,35.96,36.23,36.23,36.08,follicular
36.27,36.52,36.55,36.66,36.35,36.53,36.47,ovulatory
36.81,36.68,36.74,36.9,36.3,36.25,36.46,menstrual
36.78,36.64,36.77,36.98,36.7,36.73,36.88,luteal
36.65,36.74,36.62,36.78,36.09,36.28,36.25,menstrual
36.21,36.36,36.44,36.4,36.24,36.34,36.28,follicular
36.08,36.24,36.07,36.18,36.12,36.07,36.24,follicular
36.17,36.35,36.29,35.72,35.91,36.16,35.91,follicular
36.38,36.13,36.35,36.19,36.28,36.14,36.37,follicular
36.35,35.95,36.3,36.24,36.11,36.33,36.34,ovulatory
36.25,36.31,36.13,36.04,36.25,36.11,36.29,follicular
36.22,36.09,36.1,36.05,36.21,36.19,36.24,follicular
36.13,36.23,36.21,36.01,36.05,36.23,36.35,follicular
36.81,36.8,36.74,36.8,36.76,36.67,36.84,luteal
36.87,36.61,36.55,36.7,36.65,36.63,36.56,luteal
36.24,36.47,36.39,36.39,36.44,35.99,36.32,follicular
36.03,36.0,36.15,36.22,36.14,36.1,36.13,ovulatory
36.49,36.48,36.37,36.41,36.48,36.57,36.34,ovulatory
36.51,36.66,36.55,36.44,36.57,36.55,36.52,luteal
36.41,36.35,36.45,36.55,36.62,36.37,36.5,follicular
36.35,36.23,36.4,36.37,36.21,36.27,36.31,follicular
36.6,36.51,36.63,36.6,35.98,35.97,36.1,menstrual
36.15,36.1,36.22,36.12,36.35,36.32,36.2,ovulatory
36.07,36.22,36.33,36.44,36.17,36.26,36.28,follicular
36.36,36.39,36.58,36.36,36.3,37.0,36.87,luteal
36.66,36.68,36.72,36.71,36.41,36.41,36.27,menstrual
36.11,36.4,36.61,36.56,36.34,36.44,36.34,ovulatory
36.72,36.75,36.73,36.87,36.42,36.26,36.55,menstrual
36.53,36.55,36.46,36.48,36.44,36.47,36.61,follicular
36.26,36.21,36.15,36.1,36.19,36.17,36.17,ovulatory
36.52,36.34,36.59,36.68,36.3,36.01,36.17,menstrual
36.94,36.66,37.02,36.88,36.82,36.9,36.92,luteal
36.56,36.47,36.47,36.49,36.5,36.43,36.49,ovulatory
36.56,36.57,36.59,36.38,36.45,36.52,36.4,follicular
36.62,36.7,36.69,36.67,36.32,36.2,36.22,menstrual
36.46,36.55,36.38,36.38,36.39,36.35,36.28,follicular
36.76,36.73,36.81,36.7,36.12,36.43,36.23,menstrual
36.68,36.65,36.47,36.9,36.41,36.15,36.35,menstrual
36.01,36.12,36.23,36.12,36.15,36.15,36.31,follicular
36.32,36.21,36.25,36.19,36.33,36.14,36.36,follicular
36.59,36.53,36.59,36.66,36.48,36.53,36.5,follicular
36.23,36.27,36.13,36.47,36.42,36.24,36.25,follicular
36.15,36.39,36.41,36.27,36.07,36.22,36.32,follicular
36.23,36.22,36.25,36.2,36.14,36.24,36.06,ovulatory
36.26,36.17,36.21,36.2,36.24,36.2,36.17,ovulatory
36.28,36.3,36.37,36.32,36.5,36.43,36.24,ovulatory
36.27,36.24,36.12,35.99,36.21,36.08,36.34,follicular
36.37,36.49,36.37,36.41,36.35,36.49,36.36,ovulatory
36.0,36.01,36.16,35.94,36.24,36.17,36.01,ovulatory
36.85,36.73,36.75,36.54,36.61,36.28,36.35,menstrual
36.25,36.46,36.48,36.32,36.27,36.9,36.55,luteal
36.76,36.64,36.54,36.64,36.13,36.19,35.86,menstrual
36.36,36.46,36.46,36.32,36.37,36.49,36.37,follicular
36.23,36.33,36.2,36.21,36.26,36.09,36.41,follicular
36.68,36.73,36.6,36.73,36.13,36.18,36.17,menstrual
36.33,36.75,36.64,36.69,36.87,36.87,36.61,luteal
36.78,36.6,36.63,36.74,36.31,36.11,36.19,menstrual
36.67,36.78,36.67,36.76,36.22,36.37,36.28,menstrual
36.58,36.34,36.63,36.44,35.85,36.08,36.14,menstrual
36.42,36.24,36.27,36.53,36.5,36.48,36.18,ovulatory
36.29,36.43,36.46,36.75,36.15,36.01,36.24,menstrual
36.04,36.19,36.15,36.19,36.31,36.14,36.24,follicular
36.86,36.85,36.78,36.94,36.43,36.35,36.54,menstrual
36.82,36.96,36.92,36.94,36.67,36.72,36.79,luteal
36.12,36.14,36.22,36.21,36.17,36.23,36.02,ovulatory
36.83,36.97,36.81,36.79,36.4,36.31,36.3,menstrual
36.62,36.82,36.74,36.66,36.82,36.72,36.57,luteal
36.21,36.83,36.76,36.75,36.62,36.87,36.58,luteal
35.95,36.05,36.15,35.87,35.87,36.0,35.75,ovulatory
36.44,36.47,36.4,36.3,36.49,36.54,36.47,follicular
36.43,36.33,36.38,36.42,36.35,36.38,36.5,follicular
36.57,36.48,36.5,36.43,36.33,36.37,36.05,ovulatory
36.05,36.27,36.17,36.17,36.13,36.03,36.07,ovulatory
36.99,37.1,36.63,36.72,36.35,36.21,36.36,menstrual
36.42,36.35,36.97,36.94,36.92,36.94,37.21,luteal
36.98,37.11,37.01,36.96,36.78,36.66,37.14,luteal
36.66,36.46,36.59,36.71,36.12,36.18,36.18,menstrual
36.27,36.35,36.22,36.25,36.26,36.24,36.26,follicular
36.14,36.53,36.58,36.65,36.59,36.64,36.62,luteal
36.65,36.62,36.37,36.58,36.22,36.12,36.09,menstrual
36.45,36.58,36.27,36.37,36.24,36.35,36.52,follicular
36.29,36.29,36.33,36.31,36.32,36.31,36.2,ovulatory
36.35,36.44,36.21,36.21,36.21,36.32,36.26,follicular
36.44,36.45,36.5,36.39,36.41,36.41,36.37,follicular
36.43,36.36,36.36,36.23,36.42,36.46,36.24,ovulatory
36.68,36.71,36.77,36.82,36.36,36.29,36.37,menstrual
36.16,36.18,36.16,36.26,36.11,36.05,36.11,ovulatory
36.41,36.27,36.79,36.84,36.83,36.77,36.73,luteal
36.3,36.08,36.21,36.2,36.21,36.21,36.05,ovulatory
36.94,36.44,36.61,36.7,35.87,36.09,36.24,menstrual
36.51,36.21,36.84,36.85,36.83,36.84,36.96,luteal
36.46,36.53,36.17,36.13,36.35,36.1,36.7,luteal
36.76,36.85,36.75,36.73,36.42,36.46,36.36,menstrual
36.62,36.51,36.4,36.58,36.38,36.4,36.34,ovulatory
36.55,36.55,36.49,36.5,36.21,36.06,36.15,menstrual
36.66,36.54,36.53,36.54,36.59,36.49,36.56,luteal
36.02,36.03,36.34,36.13,36.16,36.2,36.21,follicular
36.76,36.82,36.74,36.97,36.67,36.65,36.96,luteal
36.76,36.86,36.77,36.86,36.46,36.34,36.29,menstrual
36.7,36.81,36.88,36.72,36.64,36.77,36.67,luteal
36.63,36.76,36.66,37.0,36.45,36.34,36.49,menstrual
36.53,36.67,36.72,36.68,36.21,36.37,36.35,menstrual
36.28,36.15,36.4,36.07,36.33,36.34,36.44,follicular
36.43,36.42,36.39,36.33,36.38,36.31,36.24,ovulatory
36.88,37.08,36.91,36.78,36.46,36.37,36.44,menstrual
36.65,36.72,36.72,36.6,36.27,36.52,36.12,menstrual
36.18,36.33,36.18,36.11,36.2,36.22,36.04,follicular
36.22,36.13,36.3,36.24,36.1,36.19,36.25,follicular
36.14,36.01,36.11,36.09,36.1,36.12,35.92,ovulatory
36.22,36.09,36.06,36.14,36.14,36.08,36.15,ovulatory
36.34,36.29,36.02,36.31,36.28,36.29,36.14,follicular
36.47,36.58,36.55,36.59,36.54,36.63,36.52,luteal
36.53,36.77,36.63,36.61,36.28,36.3,36.22,menstrual
36.27,36.18,36.03,36.24,36.22,36.26,36.21,follicular
36.96,36.74,36.86,36.83,36.77,36.84,36.77,luteal
36.62,36.85,36.6,36.56,36.16,36.3,36.14,menstrual
36.35,36.5,36.29,36.27,36.33,36.77,36.89,luteal
36.99,36.61,36.76,36.88,36.81,36.72,36.81,luteal
36.48,36.56,36.64,36.41,36.32,36.43,36.33,ovulatory
36.27,36.33,36.41,36.36,36.52,36.57,36.25,follicular
36.44,36.48,36.32,36.15,36.41,36.34,36.28,ovulatory
36.45,36.66,36.48,36.55,36.52,36.6,36.46,follicular
36.76,36.55,36.73,36.47,36.53,36.61,36.48,luteal
36.49,36.52,36.53,36.56,36.36,36.47,36.47,follicular
36.0,36.26,36.24,36.01,36.06,36.27,35.91,ovulatory
36.15,36.46,36.7,36.42,36.64,36.56,36.57,luteal
36.24,36.19,36.29,36.25,36.32,36.0,36.21,ovulatory
36.22,36.23,36.23,36.15,36.19,36.07,36.66,luteal
36.34,36.39,36.36,36.4,36.31,36.28,36.13,ovulatory
36.68,36.6,36.62,36.71,36.62,36.61,36.63,luteal
36.47,36.64,36.73,36.51,36.48,36.17,37.0,luteal
36.72,36.69,36.79,36.6,36.05,36.16,36.38,menstrual
36.25,36.23,36.45,36.37,36.36,36.24,36.15,follicular
36.37,36.02,36.13,36.1,36.04,35.83,35.9,ovulatory
36.94,36.9,36.9,37.02,36.41,36.52,36.44,menstrual
36.57,36.48,36.44,36.51,36.29,36.83,36.38,follicular
36.53,36.51,36.47,36.27,36.39,36.45,36.32,ovulatory
36.51,36.51,36.49,36.3,36.41,36.44,36.38,follicular
36.27,36.16,36.36,36.46,36.28,36.42,36.46,follicular
36.37,36.36,36.38,36.35,36.45,36.29,36.12,ovulatory
36.38,36.44,36.35,36.2,36.38,36.42,36.52,follicular
36.79,37.03,36.82,36.79,36.52,36.57,36.53,menstrual
36.73,36.65,36.49,36.59,36.32,36.21,36.19,menstrual
36.36,36.23,36.37,36.31,36.16,36.17,36.27,follicular
36.37,36.32,36.41,36.38,36.39,36.34,36.37,follicular
36.26,36.18,36.19,36.28,36.39,36.29,36.51,ovulatory
36.36,36.32,36.43,36.39,36.33,36.25,36.18,follicular
36.97,37.12,36.86,36.89,36.23,36.26,36.56,menstrual
36.58,36.56,36.62,36.51,36.47,36.32,36.38,follicular
36.25,36.23,36.26,36.24,36.29,36.2,36.35,follicular
36.35,36.37,36.32,36.34,36.06,36.2,36.25,ovulatory
36.36,36.45,36.54,36.35,36.5,36.41,36.41,follicular
36.81,36.7,36.76,36.76,36.34,36.33,36.29,menstrual
36.65,36.48,36.65,36.69,36.23,36.15,36.14,menstrual
36.67,36.41,36.31,36.74,36.51,36.42,36.33,follicular
36.56,36.29,36.56,36.56,36.58,36.4,36.6,follicular
36.56,36.43,36.36,36.5,36.38,36.59,36.57,follicular
36.38,36.3,36.23,36.46,36.33,36.27,36.29,ovulatory
36.45,36.41,36.55,36.58,36.14,36.04,36.06,menstrual
36.43,36.46,36.42,36.45,36.43,36.44,36.48,follicular
36.15,36.68,36.53,36.66,36.67,36.7,36.73,luteal
36.74,36.84,36.61,36.67,36.68,36.79,36.77,luteal
36.35,36.25,36.17,36.46,36.44,36.39,36.31,ovulatory
36.32,36.14,36.18,36.59,36.46,35.97,36.64,luteal
36.58,36.48,36.57,36.42,36.43,36.6,36.45,luteal
36.35,36.34,36.39,36.71,36.38,36.27,36.15,follicular
36.11,36.12,36.1,36.17,36.18,36.03,36.24,follicular
36.96,36.57,36.77,36.85,36.52,36.46,36.42,menstrual
36.18,36.05,36.23,36.12,36.27,36.11,36.09,ovulatory
36.12,36.05,35.86,36.05,36.48,36.26,36.29,ovulatory
36.54,36.47,36.58,36.64,36.49,36.63,36.57,luteal
36.25,36.1,36.17,36.17,36.17,36.37,36.19,ovulatory
37.08,36.93,36.88,36.85,36.86,36.81,36.78,luteal
36.4,36.25,36.26,36.33,36.44,36.28,36.34,ovulatory
36.65,36.83,36.77,36.74,36.43,36.39,36.34,menstrual
36.53,36.18,36.22,36.85,36.78,36.85,36.83,luteal
36.58,36.66,36.13,36.4,36.31,36.44,36.49,ovulatory
36.78,36.62,36.97,36.73,36.64,36.35,36.35,menstrual
36.56,36.69,36.82,36.8,36.23,36.32,36.49,menstrual
36.4,37.13,36.77,36.73,36.68,36.75,36.57,luteal
36.65,36.43,36.5,36.4,36.45,36.67,36.51,follicular
36.74,36.91,36.58,36.77,36.21,35.97,36.49,menstrual
36.68,36.76,36.72,36.75,36.42,36.31,36.53,menstrual
36.53,36.66,36.71,36.81,36.27,36.33,36.46,menstrual
36.1,36.18,36.12,36.28,36.08,36.0,36.19,ovulatory
36.55,36.55,36.53,36.47,36.15,36.0,36.17,menstrual
36.14,36.41,36.3,36.47,36.02,36.79,36.58,luteal
36.25,36.52,36.19,36.33,36.4,36.24,36.33,ovulatory
36.16,36.43,36.31,36.12,36.11,36.16,36.01,ovulatory
36.21,36.12,36.13,36.12,36.05,36.07,36.17,follicular
36.12,36.19,36.17,36.1,36.08,36.1,36.19,follicular
36.45,36.41,36.29,36.2,36.77,36.6,36.81,luteal
36.33,36.31,36.42,36.45,36.38,36.4,36.31,ovulatory
36.76,37.05,36.88,36.94,36.24,36.38,36.24,menstrual
36.35,36.22,36.3,36.11,36.24,36.04,36.21,follicular
36.29,36.33,36.48,36.54,36.32,36.08,36.07,ovulatory
36.0,36.48,36.38,36.22,36.15,36.35,36.1,ovulatory
36.4,36.26,36.27,36.46,36.25,36.29,36.26,ovulatory
36.25,36.36,36.36,36.17,36.33,36.29,36.48,follicular
36.38,36.36,36.53,36.63,36.06,36.36,36.1,menstrual
36.44,36.48,36.55,36.33,36.44,36.37,36.54,follicular
36.26,36.28,36.07,36.18,36.41,36.23,36.23,ovulatory
36.6,36.65,36.74,36.68,36.3,36.26,36.27,menstrual
36.39,36.09,36.41,36.35,36.32,36.55,36.25,ovulatory
36.22,36.0,36.56,36.59,36.65,36.51,36.56,luteal
36.29,36.35,36.38,36.18,36.21,36.22,36.48,ovulatory
36.41,36.32,36.31,36.31,36.32,36.25,36.26,follicular
36.63,36.54,36.69,36.66,36.12,36.01,36.29,menstrual
36.39,36.49,36.52,36.44,36.17,36.12,36.08,menstrual
36.15,36.02,36.24,35.97,36.0,36.03,36.11,ovulatory
35.95,36.35,36.24,35.96,36.32,36.33,36.03,ovulatory
36.55,36.64,36.64,36.58,36.22,36.35,36.07,menstrual
36.8,36.59,36.62,36.49,36.47,36.38,36.35,luteal
36.08,36.1,36.19,36.16,35.9,36.18,35.96,ovulatory
36.48,36.48,36.48,36.34,36.86,37.0,36.88,luteal
36.61,36.91,36.68,36.82,36.37,36.45,36.35,menstrual
36.18,36.36,36.21,36.28,36.22,36.38,36.28,follicular
36.19,36.13,36.14,36.05,36.64,36.53,36.58,luteal
36.62,36.79,36.67,36.75,36.23,36.18,36.39,menstrual
36.63,36.6,36.53,36.57,36.22,36.17,36.63,menstrual
36.76,36.65,36.63,36.87,36.83,36.9,36.77,luteal
36.15,36.24,36.19,36.18,36.04,35.98,36.14,ovulatory
36.11,36.29,36.12,36.24,36.38,36.04,36.04,ovulatory
36.91,36.81,36.8,36.8,36.87,36.77,36.75,luteal
36.26,36.5,36.6,36.69,36.35,36.51,36.26,ovulatory
36.96,36.83,37.04,36.8,36.03,36.47,36.48,menstrual
36.56,36.54,36.57,36.48,36.5,36.41,36.47,luteal
36.0,36.14,36.01,35.94,36.25,36.0,36.0,ovulatory
36.04,36.07,36.13,36.2,36.04,36.16,36.07,ovulatory
36.21,36.25,36.38,36.26,36.24,36.11,36.07,ovulatory
36.59,36.58,36.7,36.57,36.01,36.23,36.28,menstrual
36.35,36.35,36.48,36.42,36.37,36.38,36.28,follicular
36.34,36.27,36.28,36.32,36.23,36.33,36.13,ovulatory
36.57,36.55,36.63,36.55,36.17,36.2,36.21,menstrual
36.81,36.71,36.79,36.73,36.33,36.3,36.29,menstrual
36.48,36.52,36.56,36.54,36.5,36.47,36.28,ovulatory
36.37,36.52,36.28,36.47,36.48,36.34,37.01,luteal
36.16,36.18,36.16,36.15,35.98,36.28,36.32,ovulatory
36.72,36.71,36.54,36.61,36.17,36.14,36.26,menstrual
36.41,36.37,36.23,36.18,36.41,36.27,36.08,ovulatory
36.36,36.34,36.27,36.33,36.19,36.3,36.19,ovulatory
36.92,36.71,36.72,36.8,36.48,36.26,36.29,menstrual
36.57,36.63,36.58,36.62,36.32,36.29,36.48,ovulatory
36.39,36.34,36.32,36.3,36.34,36.31,36.21,ovulatory
36.95,37.06,36.86,37.04,36.78,36.34,36.44,menstrual
36.47,36.57,36.58,36.48,36.39,36.48,36.53,follicular
36.58,36.72,36.64,36.72,36.32,36.51,36.43,menstrual
36.22,36.18,36.35,36.23,35.9,35.83,35.99,ovulatory
36.94,36.76,36.73,36.74,36.39,36.27,36.42,menstrual
36.64,36.61,36.68,36.56,36.67,36.61,36.69,luteal
36.67,36.9,36.78,36.61,36.32,36.42,36.44,menstrual
36.2,36.29,36.52,36.4,36.22,36.44,36.46,follicular
36.16,36.09,36.16,36.28,36.29,36.19,36.13,ovulatory
36.35,36.37,36.29,36.29,36.38,36.35,36.6,follicular
36.91,36.79,37.02,36.8,36.62,36.98,36.8,luteal
36.42,36.45,36.38,36.49,36.47,36.5,36.25,ovulatory
36.3,36.23,36.39,36.22,36.31,36.29,36.14,follicular
36.73,36.81,36.7,36.85,36.43,36.38,36.34,menstrual
36.86,36.65,36.81,36.55,36.38,36.38,36.35,menstrual
36.4,36.44,36.32,36.36,36.34,36.22,36.19,follicular
36.49,36.47,36.52,36.57,36.36,36.52,36.29,follicular
36.64,36.73,36.75,36.8,36.64,36.79,36.71,luteal
36.97,36.82,36.87,36.86,36.78,36.9,36.95,luteal
36.83,36.69,36.65,36.61,36.38,36.19,36.24,menstrual
36.62,36.55,36.47,36.47,36.1,36.24,36.26,menstrual
36.46,36.48,36.32,36.4,36.57,36.43,36.37,ovulatory
36.29,36.17,36.14,36.08,36.03,36.41,36.47,luteal
36.73,36.89,36.69,36.71,36.97,36.91,36.79,luteal
36.42,36.39,36.29,36.35,36.35,36.42,36.24,ovulatory
36.43,36.34,36.35,36.46,36.34,36.39,36.35,ovulatory
36.11,36.29,36.07,36.12,36.33,36.28,36.13,follicular
36.31,36.33,36.42,36.36,36.29,36.82,36.87,luteal
36.25,36.75,36.53,36.45,35.95,36.04,36.43,menstrual
36.36,36.06,36.29,36.28,36.18,36.35,36.01,ovulatory
36.27,36.17,36.02,36.25,36.29,36.31,36.22,ovulatory
36.76,36.81,36.9,36.76,36.84,36.96,36.77,luteal
36.3,36.27,36.35,36.29,35.96,36.19,36.43,follicular
36.39,36.4,36.41,36.49,36.43,36.46,36.42,ovulatory
36.37,36.46,36.18,36.24,36.23,36.42,36.41,ovulatory
36.18,36.21,36.24,36.29,36.22,36.24,36.2,follicular
36.71,36.78,37.03,36.6,36.69,36.83,36.75,luteal
36.65,37.01,36.32,36.49,36.0,36.22,36.16,menstrual
36.43,36.49,36.35,36.23,36.14,36.2,36.51,ovulatory
36.96,36.95,36.82,37.04,36.96,36.89,36.86,luteal
36.48,36.35,36.38,36.29,36.23,36.38,36.0,follicular
36.18,35.92,36.16,36.19,36.14,36.05,35.85,ovulatory
36.29,36.22,36.26,36.23,36.27,36.27,36.23,follicular
36.34,36.19,36.15,36.21,36.07,36.24,36.22,follicular
36.39,36.3,36.16,36.3,36.26,36.3,36.32,follicular
36.34,36.28,36.25,36.07,36.33,35.99,36.39,follicular
36.09,36.08,36.26,36.35,36.4,36.36,36.08,ovulatory
36.85,36.63,36.43,36.62,36.74,36.49,36.59,luteal
36.41,36.42,36.45,36.5,36.48,36.51,36.47,ovulatory
36.32,36.4,36.29,36.37,36.4,36.42,36.27,follicular
36.52,36.53,36.67,36.61,36.68,36.66,36.63,luteal
36.22,36.13,36.02,36.24,36.11,36.11,36.11,ovulatory
36.43,36.53,36.57,36.37,36.35,36.54,36.58,follicular
36.21,36.38,36.31,36.2,36.1,36.28,36.0,ovulatory
36.45,36.36,36.32,36.16,36.47,36.21,36.15,follicular
36.39,36.01,36.22,36.26,36.05,36.18,36.1,ovulatory
36.55,36.48,36.54,36.76,36.19,36.04,36.28,menstrual
36.2,36.22,36.21,36.05,36.74,36.63,36.68,luteal
36.71,36.58,36.58,36.78,36.1,36.08,36.3,menstrual
36.14,36.29,36.26,36.11,36.24,36.08,36.1,follicular
36.71,36.83,36.63,36.81,36.66,36.61,36.66,luteal
36.29,36.59,36.52,36.75,36.75,36.31,36.59,luteal
36.84,36.85,36.72,36.63,36.18,36.33,36.1,menstrual
36.27,36.46,36.41,36.33,36.31,36.17,36.32,follicular
36.65,36.69,36.61,36.56,36.21,36.18,36.24,menstrual
36.16,36.17,36.14,36.06,36.21,35.98,36.62,luteal
36.74,36.71,36.62,36.54,36.62,36.89,36.56,luteal
36.53,36.65,36.73,36.62,36.14,36.02,35.95,menstrual
36.74,36.83,36.87,36.69,36.49,36.43,36.42,menstrual
36.38,36.22,36.48,36.5,36.39,36.35,36.37,ovulatory
36.43,36.46,36.35,36.48,36.28,36.29,36.44,ovulatory
36.21,36.26,36.32,36.2,36.22,36.17,36.1,ovulatory
36.41,36.7,36.66,36.69,36.99,36.63,36.86,luteal
36.52,36.49,36.53,36.55,36.07,36.2,36.02,menstrual
36.76,36.51,36.61,36.51,36.59,36.72,36.64,luteal
36.22,36.2,36.07,36.04,36.27,36.21,36.28,follicular
36.12,36.23,36.11,36.08,36.15,36.48,36.58,luteal
36.58,36.55,36.24,36.64,35.83,35.93,35.71,menstrual
36.44,36.24,36.27,36.13,36.21,36.2,36.29,follicular
36.34,36.3,36.35,36.28,36.31,36.29,36.68,luteal
36.24,36.29,36.26,36.52,36.07,36.15,36.19,ovulatory
36.39,36.51,36.51,36.39,36.3,36.4,36.28,ovulatory
36.25,36.64,36.87,36.62,35.99,36.31,36.15,menstrual
36.55,36.52,36.63,36.66,36.2,36.22,36.2,menstrual
36.11,36.1,36.0,36.1,36.13,36.14,35.9,ovulatory
36.74,36.65,36.65,36.71,36.39,36.11,36.4,menstrual
36.27,36.17,36.09,36.36,36.52,36.22,36.08,ovulatory
36.73,36.7,36.73,36.72,36.25,36.24,36.38,menstrual
36.36,36.46,36.33,36.38,36.34,36.37,36.29,follicular
35.99,36.57,36.39,36.48,36.53,36.57,36.64,luteal
36.1,36.34,36.35,36.33,36.5,36.49,36.14,ovulatory
36.57,36.51,36.47,36.6,36.2,36.3,36.19,menstrual
37.09,36.93,36.76,36.91,36.46,36.67,36.48,menstrual
36.62,36.73,36.68,36.71,36.62,36.64,36.81,luteal
36.13,36.14,36.0,36.36,36.13,36.13,36.0,ovulatory
36.57,36.66,36.44,36.53,36.27,36.1,36.09,menstrual
36.25,36.36,36.5,36.21,36.09,36.39,36.23,follicular
36.75,36.65,36.62,36.68,36.17,36.3,36.24,menstrual
36.38,36.38,36.61,36.62,36.44,36.46,36.21,follicular
36.71,36.36,36.54,36.34,36.33,36.33,36.13,menstrual
36.14,36.11,36.3,36.12,36.69,36.55,36.58,luteal
36.3,36.22,36.49,36.18,36.2,36.39,36.27,ovulatory
36.33,36.27,36.39,36.31,36.4,36.32,36.29,follicular
36.35,36.57,36.49,36.52,36.38,36.37,36.27,ovulatory
36.24,36.2,36.32,36.24,36.22,36.25,35.99,ovulatory
36.35,36.8,36.65,36.73,36.76,36.68,36.55,luteal
36.16,36.24,36.2,36.23,36.09,36.29,36.09,follicular
36.38,36.41,36.35,36.47,36.51,36.4,36.38,follicular
36.11,36.04,36.11,36.03,36.12,36.17,36.26,follicular
36.03,36.06,36.18,36.02,36.21,36.21,36.14,follicular
36.4,36.64,36.4,36.48,36.35,36.44,36.45,ovulatory
36.27,36.75,36.4,36.4,36.46,36.01,36.36,follicular
36.27,36.31,36.28,36.27,36.29,36.26,36.22,ovulatory
36.9,36.74,36.67,36.87,36.23,36.57,36.5,menstrual
36.88,36.8,37.08,36.77,36.29,36.44,36.47,menstrual
36.19,36.37,36.18,36.27,36.19,36.23,36.12,ovulatory
36.49,36.39,36.39,36.32,36.41,36.32,36.37,ovulatory
36.06,36.26,36.24,36.29,36.41,36.23,36.31,ovulatory
36.81,36.83,36.84,36.72,36.86,36.84,36.75,luteal
36.93,36.92,36.89,36.76,36.41,36.52,36.47,menstrual
36.68,36.84,36.98,36.96,36.41,36.56,36.41,menstrual
36.39,36.52,36.54,36.64,36.22,36.23,36.04,menstrual
36.58,36.49,36.52,36.73,36.51,36.65,36.7,luteal
36.49,36.57,36.44,36.52,36.5,36.4,36.43,follicular
36.46,36.19,36.24,36.27,36.39,36.51,36.12,ovulatory
36.59,36.88,36.76,36.78,36.33,36.36,36.28,menstrual
36.6,36.09,36.54,36.55,36.27,36.35,36.39,follicular
36.53,36.59,36.56,36.41,36.18,36.11,36.09,menstrual
36.75,36.86,36.89,36.82,36.48,36.4,36.51,menstrual
36.52,36.41,36.46,36.37,36.49,36.48,36.38,follicular
36.77,36.92,36.8,36.84,36.52,36.33,36.36,menstrual
36.74,36.75,36.73,36.7,36.34,36.28,36.24,menstrual
36.66,36.71,36.8,36.92,36.41,36.31,36.32,menstrual
36.48,36.48,36.44,36.47,36.33,36.2,36.14,menstrual
36.23,36.26,36.38,36.44,36.07,36.27,36.3,ovulatory
36.38,36.34,36.52,36.38,36.94,36.87,36.66,luteal
36.33,36.35,36.3,36.25,36.27,36.16,35.99,ovulatory
36.75,36.74,36.72,36.67,36.32,36.32,36.26,menstrual
36.24,36.09,36.21,36.06,36.28,36.35,36.19,ovulatory
36.89,36.95,36.78,36.93,36.47,36.46,36.6,menstrual
36.71,36.67,36.84,36.75,36.4,36.33,36.22,menstrual
35.97,36.02,35.86,36.24,36.42,36.08,36.21,follicular
36.32,36.38,36.34,36.47,36.55,36.42,36.42,follicular
36.47,36.3,36.55,36.51,36.45,36.62,36.4,ovulatory
36.75,36.6,36.65,36.89,36.18,36.33,36.34,menstrual
36.71,36.71,36.73,36.72,36.14,36.49,36.28,menstrual
36.13,36.13,36.24,36.21,36.11,36.28,36.28,follicular
36.85,36.78,36.84,36.82,36.4,36.27,36.41,menstrual
36.44,36.53,36.48,36.44,36.37,36.76,36.84,luteal
36.4,36.52,36.55,36.71,36.28,36.53,36.45,follicular
36.7,36.91,36.92,36.84,36.95,36.86,36.84,luteal
36.14,36.29,36.27,36.31,36.26,36.17,36.27,follicular
36.19,36.29,36.07,36.38,36.24,36.17,36.4,follicular
36.36,36.35,36.13,36.57,36.62,36.72,36.6,luteal
36.91,36.92,36.9,36.87,36.37,36.29,36.49,menstrual
36.21,36.45,36.18,36.15,36.33,36.34,36.84,luteal
36.63,36.64,36.6,36.55,36.24,36.19,36.22,menstrual
36.84,36.57,36.72,36.82,36.26,36.27,36.29,menstrual
36.6,36.44,36.69,36.61,36.63,36.66,36.63,luteal
36.71,36.88,36.71,36.72,36.44,36.34,36.32,menstrual
36.0,36.27,36.1,36.21,36.06,36.31,36.06,ovulatory
36.23,36.33,36.53,36.26,36.25,36.5,36.23,ovulatory
36.29,36.28,36.31,36.33,36.28,36.31,36.24,follicular
36.25,36.34,36.33,36.19,36.72,36.77,36.8,luteal
36.51,36.53,36.25,36.53,36.46,36.58,36.42,luteal
36.21,35.96,36.23,36.15,35.9,35.9,36.27,ovulatory
36.51,36.52,36.57,36.33,36.39,36.55,36.36,ovulatory
36.73,36.75,36.53,36.71,36.19,36.17,36.32,menstrual
36.86,36.73,36.79,36.91,36.22,36.34,36.31,menstrual
36.75,36.89,36.95,36.75,36.75,36.92,36.81,luteal
36.35,36.08,36.32,36.12,36.13,36.36,36.41,follicular
36.4,36.31,36.55,36.35,36.45,36.42,36.5,ovulatory
36.63,36.34,36.48,36.48,36.48,36.36,36.32,ovulatory
36.69,36.85,36.71,36.76,36.22,36.31,36.34,menstrual
36.71,36.54,36.71,36.64,36.65,36.65,36.46,luteal
36.36,36.78,36.56,36.41,36.58,36.63,36.63,luteal
36.24,36.42,36.32,36.22,36.28,36.18,36.24,ovulatory
36.4,36.46,36.76,36.59,36.5,36.32,36.98,luteal
35.95,35.96,36.6,36.81,36.53,36.64,36.59,luteal
36.41,36.4,36.81,36.85,36.77,36.79,36.76,luteal
36.42,36.41,36.35,36.24,36.46,36.43,36.32,ovulatory
36.81,36.83,36.81,36.77,36.77,36.77,36.76,luteal
36.36,36.25,36.32,36.12,35.98,36.14,36.17,follicular
36.25,36.17,36.18,36.18,36.19,36.2,36.22,follicular
36.2,36.13,36.34,36.25,36.2,36.19,36.35,follicular
36.61,36.35,36.3,36.53,36.49,36.34,36.16,ovulatory
36.54,36.62,36.72,36.64,36.81,36.74,36.65,luteal
36.19,36.05,36.04,36.15,36.14,36.26,36.12,follicular
36.71,36.71,36.64,36.81,36.41,36.36,36.34,menstrual
36.38,36.36,36.33,36.33,36.31,36.33,36.28,ovulatory
36.27,36.22,36.22,36.43,36.21,36.34,36.28,follicular
36.36,36.28,36.31,36.49,36.27,36.39,36.36,follicular
36.36,36.49,36.23,36.45,36.35,36.38,36.23,follicular
36.58,36.72,36.8,36.61,36.4,36.25,36.48,menstrual
36.19,36.15,36.66,36.6,36.69,36.68,36.56,luteal
36.23,36.33,36.27,36.25,36.28,36.16,36.3,follicular
36.51,36.59,36.45,36.21,36.86,37.03,36.89,luteal
36.59,36.76,36.57,36.72,36.2,36.15,36.24,menstrual
36.53,36.38,36.49,36.48,36.4,36.28,36.55,ovulatory
36.48,36.42,36.72,36.36,36.2,36.61,36.7,luteal
36.51,36.49,36.5,36.46,36.4,36.45,36.47,follicular
36.41,36.63,36.7,36.74,36.09,36.33,36.37,menstrual
36.56,36.61,36.5,36.57,36.19,36.15,36.19,menstrual
36.35,36.38,36.39,36.39,36.26,36.27,36.3,follicular
36.17,36.18,36.27,36.06,36.19,36.22,36.07,ovulatory
36.15,36.29,36.01,36.08,35.97,36.37,36.4,luteal
36.21,36.21,36.26,36.22,36.24,36.28,36.17,follicular
36.93,36.82,36.76,36.83,36.55,36.31,36.53,menstrual
36.54,36.32,36.53,36.47,36.63,36.45,36.44,ovulatory
36.17,36.29,36.15,36.22,36.16,36.21,36.22,ovulatory
36.25,36.48,36.6,36.57,36.46,36.51,36.46,luteal
36.64,36.85,36.84,36.67,36.17,36.36,36.23,menstrual
36.22,36.23,36.23,36.24,36.15,36.35,36.19,ovulatory
36.14,36.24,36.12,36.09,35.97,36.14,36.18,follicular
36.25,36.04,36.25,36.31,36.29,36.18,36.12,ovulatory
36.3,36.22,36.07,36.17,36.33,36.28,35.9,ovulatory
36.17,36.09,36.21,36.25,36.11,36.08,36.13,ovulatory
36.5,36.61,36.46,36.67,36.16,36.29,36.03,menstrual
36.55,36.65,36.51,36.63,36.28,36.2,36.13,menstrual
36.74,36.91,36.98,36.53,36.34,36.36,36.55,menstrual
36.75,36.9,36.81,36.69,36.58,36.8,36.72,luteal
36.75,36.87,36.85,36.63,36.79,36.75,36.8,luteal
36.1,36.12,36.2,36.38,36.17,36.14,36.17,ovulatory
36.13,36.08,36.22,36.08,36.19,36.19,35.97,ovulatory
36.13,36.29,36.1,36.39,36.3,36.21,36.25,follicular
36.36,36.39,36.33,36.32,36.38,36.46,36.4,follicular
36.31,36.08,36.24,36.2,36.32,36.06,35.99,ovulatory
36.59,36.6,36.61,36.49,36.3,36.31,36.18,menstrual
36.71,37.12,36.74,36.92,36.52,36.49,36.34,menstrual
36.52,36.49,36.49,36.13,36.75,36.97,36.91,luteal
36.39,36.35,36.48,36.4,36.44,36.39,36.4,ovulatory
36.21,36.3,36.46,36.22,36.07,36.22,36.17,ovulatory
36.4,36.09,36.16,36.16,36.15,36.24,36.27,ovulatory
36.34,36.31,36.16,36.28,36.37,36.27,36.24,ovulatory
36.69,36.58,36.48,36.72,36.28,36.23,36.42,menstrual
36.68,36.85,36.69,36.77,36.36,36.35,36.39,menstrual
36.15,36.04,36.42,36.26,36.22,36.45,35.98,follicular
36.82,37.06,36.84,36.82,36.36,36.38,36.47,menstrual
36.37,36.57,36.68,36.65,36.49,36.67,36.82,luteal
36.25,36.21,36.05,35.81,36.55,36.6,36.46,luteal
36.37,36.46,36.46,36.4,36.45,36.37,36.33,ovulatory
36.24,35.94,36.61,36.76,36.5,36.79,36.54,luteal
36.51,36.39,36.58,36.52,36.45,36.69,36.5,luteal
36.68,36.67,36.69,36.74,36.69,36.77,36.69,luteal
36.27,36.32,36.36,36.39,36.36,36.59,36.39,follicular
36.28,36.27,36.18,36.2,36.21,36.29,36.32,ovulatory
36.53,36.59,36.47,36.41,36.35,36.42,36.55,follicular
36.3,36.17,36.2,36.25,36.3,36.24,36.06,ovulatory
36.92,36.78,36.87,36.67,36.47,36.23,36.23,menstrual
36.32,36.3,36.24,36.3,36.35,36.43,36.27,follicular
36.42,36.44,36.58,36.31,36.51,36.33,36.36,ovulatory
36.39,36.6,36.53,36.48,36.47,36.47,36.59,follicular
36.16,36.26,36.31,36.18,36.18,36.22,36.14,follicular
36.17,36.32,36.45,36.48,36.45,36.49,36.27,ovulatory
36.72,36.86,36.81,36.86,36.52,36.51,36.53,menstrual
36.73,36.42,36.66,36.54,36.07,36.14,36.21,menstrual
36.27,36.2,36.12,36.19,36.07,36.1,36.11,ovulatory
36.8,36.76,36.87,37.0,36.36,36.34,36.37,menstrual
36.33,36.39,36.48,36.26,36.43,36.44,36.28,ovulatory
36.98,36.75,36.73,36.59,36.18,36.43,36.43,menstrual
36.25,36.21,36.09,36.34,36.18,36.37,36.27,follicular
36.18,36.36,36.18,36.07,36.7,36.68,36.55,luteal
36.61,36.71,36.45,36.57,36.58,36.43,36.65,luteal
36.3,36.48,36.23,36.77,36.75,36.78,36.71,luteal
36.74,36.46,36.68,36.78,36.11,35.97,36.22,menstrual
36.26,36.22,36.2,36.3,36.16,36.36,36.21,follicular
36.29,36.18,36.3,36.07,36.31,36.16,36.36,follicular
36.76,36.78,36.73,36.71,36.39,36.23,36.27,menstrual
36.31,36.17,36.53,36.44,36.61,36.65,36.53,luteal
36.53,36.53,36.51,36.52,36.07,36.2,36.16,menstrual
36.17,36.06,36.22,36.2,36.16,36.2,36.12,ovulatory
36.77,36.74,36.95,36.72,36.72,36.74,36.93,luteal
36.23,36.31,36.4,36.27,36.29,36.25,36.2,ovulatory
36.35,36.49,36.37,36.5,36.38,36.35,36.24,ovulatory
36.36,36.31,36.42,36.38,36.42,36.29,36.86,luteal
36.86,36.72,36.88,36.84,36.44,36.35,36.33,menstrual
36.59,36.54,36.54,36.74,36.33,36.21,36.26,menstrual
36.48,36.39,36.54,36.27,36.5,36.34,36.61,follicular
36.73,36.87,36.86,36.8,36.37,36.42,36.38,menstrual
36.08,36.34,36.33,36.39,36.29,36.45,36.2,ovulatory
36.52,36.27,36.53,36.1,36.72,36.7,36.6,luteal
36.42,36.85,36.71,36.69,36.79,36.76,36.72,luteal
36.51,36.57,36.25,36.49,36.1,35.99,36.14,menstrual
36.63,36.62,36.56,36.51,36.31,36.3,36.17,menstrual
36.14,36.19,36.43,36.22,36.09,36.41,36.1,follicular
36.4,36.35,36.28,36.1,36.39,36.23,36.39,follicular
36.13,36.11,36.31,36.24,36.35,36.31,36.35,follicular
36.38,36.51,36.18,36.2,36.23,36.44,36.32,follicular
36.09,36.19,36.14,36.27,36.05,36.59,36.6,luteal
36.35,36.05,36.56,36.14,36.32,36.48,36.13,ovulatory
36.35,36.57,36.66,36.59,36.13,36.25,36.11,menstrual
36.13,36.2,36.04,36.19,36.11,36.12,35.92,ovulatory
36.24,36.2,36.09,36.31,36.12,36.41,36.14,ovulatory
36.57,36.6,36.57,36.59,36.1,36.16,36.11,menstrual
36.8,36.91,37.1,36.73,36.42,36.37,36.49,menstrual
36.44,36.45,36.61,36.67,36.48,36.12,37.09,luteal
36.7,36.73,36.56,36.65,36.26,36.2,36.19,menstrual
36.54,36.51,36.65,36.85,36.25,36.27,36.48,menstrual
36.12,36.16,36.0,36.07,36.35,36.32,35.95,ovulatory
35.92,36.21,36.31,36.12,36.31,36.14,36.38,follicular
36.45,36.66,36.52,36.68,36.01,36.07,36.23,menstrual
36.4,36.24,35.88,36.2,36.3,36.1,36.04,follicular
36.27,36.2,36.46,36.31,36.32,36.46,36.2,ovulatory
36.24,36.24,36.31,36.29,36.26,36.25,36.12,ovulatory
36.48,36.49,36.51,36.32,36.49,36.45,36.43,ovulatory
36.45,36.38,36.63,36.45,36.37,36.47,36.32,ovulatory
36.48,36.27,36.42,36.19,36.32,36.36,36.27,follicular
36.26,35.95,36.35,36.11,36.1,36.11,36.29,ovulatory
36.49,36.37,36.47,36.46,36.42,36.36,36.48,follicular
36.71,36.49,36.07,36.44,36.51,36.34,36.3,follicular
36.36,36.34,36.42,36.41,36.41,36.27,36.06,ovulatory
36.3,36.25,36.34,36.16,36.38,36.21,36.31,follicular
36.24,36.14,36.13,36.3,36.26,36.14,36.45,follicular
36.59,36.5,36.57,36.54,36.11,36.17,36.26,menstrual
36.64,36.64,36.52,36.43,36.62,36.71,36.54,luteal
36.43,36.52,36.54,36.63,36.23,36.43,36.32,follicular
36.46,36.49,36.81,36.79,36.04,36.05,36.34,menstrual
36.77,36.77,36.89,36.84,36.44,36.43,36.31,menstrual
36.53,36.66,36.65,36.88,36.83,36.86,36.9,luteal
36.93,36.92,37.1,36.94,36.2,36.63,36.33,menstrual
36.15,36.27,36.3,36.18,36.39,36.16,36.1,follicular
36.56,36.5,36.44,36.69,36.65,36.58,36.53,luteal
36.24,36.34,36.12,36.35,36.39,36.1,36.05,follicular
36.57,36.77,36.84,36.56,36.3,36.13,36.22,menstrual
36.63,36.44,36.45,36.52,36.45,36.4,36.47,luteal
36.49,36.56,36.5,36.57,36.56,36.53,36.62,luteal
36.85,36.82,36.89,36.83,36.47,36.38,36.46,menstrual
36.34,36.52,36.58,36.38,36.41,36.44,36.17,ovulatory
36.61,36.82,36.72,36.57,36.2,36.28,36.13,menstrual
36.09,36.14,36.27,36.41,36.08,36.92,36.78,luteal
36.47,36.45,36.62,36.45,36.39,36.59,36.43,follicular
36.16,36.15,36.02,36.49,36.56,36.39,36.56,luteal
36.2,36.12,36.22,36.06,36.68,36.41,36.8,luteal
36.79,36.8,36.57,36.83,36.57,36.51,36.32,menstrual
36.23,36.22,36.29,36.26,36.32,36.22,36.08,ovulatory
36.85,36.84,36.99,36.82,36.88,36.88,36.77,luteal
36.08,36.17,36.22,36.34,36.2,36.32,36.08,ovulatory
36.74,36.73,36.71,36.62,36.35,36.35,36.36,menstrual
36.32,36.23,36.18,36.27,36.38,36.29,36.31,follicular
36.65,36.71,36.84,36.75,36.27,36.35,36.24,menstrual
36.52,36.47,36.57,36.71,36.63,36.62,36.77,luteal
36.7,36.7,36.59,36.69,36.81,36.65,36.56,luteal
36.59,36.56,36.57,36.39,36.39,36.33,36.07,menstrual
36.1,36.16,36.1,36.14,36.11,36.16,36.04,ovulatory
36.7,36.82,36.58,36.59,36.15,36.13,36.37,menstrual
36.85,36.88,36.76,36.66,36.4,36.39,36.49,menstrual
36.68,36.78,36.49,36.74,36.41,36.34,36.22,menstrual
36.74,36.66,36.78,36.65,36.68,36.61,36.75,luteal
36.28,36.89,36.84,36.75,36.94,36.75,36.89,luteal
36.44,36.52,36.66,36.65,35.99,36.06,36.06,menstrual
36.72,36.75,36.69,36.96,36.84,36.74,36.68,luteal
36.22,36.22,36.22,36.34,36.3,36.27,36.04,ovulatory
36.4,36.07,36.23,36.27,36.09,36.22,36.61,luteal
36.16,36.11,36.38,36.43,36.3,36.35,36.36,follicular
36.4,36.44,36.39,36.56,36.51,36.34,36.26,ovulatory
36.33,36.52,36.22,36.18,36.41,36.14,36.46,ovulatory
36.59,36.58,36.63,36.62,36.58,36.51,36.59,luteal
36.79,36.95,36.88,36.71,36.37,36.62,36.67,menstrual
36.61,36.82,36.35,36.46,36.09,36.0,36.12,menstrual
36.27,36.06,36.19,36.13,36.15,36.3,36.2,ovulatory
36.46,36.22,36.25,36.24,36.4,36.19,36.3,ovulatory
36.39,36.37,36.36,36.33,36.44,36.28,36.4,follicular
36.04,36.2,36.18,36.44,36.07,36.31,36.1,ovulatory
36.56,36.65,36.56,36.6,36.15,36.16,36.19,menstrual
36.35,36.19,36.29,36.38,36.28,36.35,36.3,follicular
36.27,36.21,36.1,36.26,36.24,36.03,36.61,luteal
36.53,36.62,36.38,36.35,36.85,36.83,36.83,luteal
36.21,36.18,36.23,36.15,36.2,36.1,36.16,follicular
36.43,36.51,36.48,36.39,36.44,36.37,36.34,ovulatory
36.81,36.8,37.1,37.02,36.46,36.36,36.25,menstrual
36.12,36.22,35.99,36.16,36.18,36.01,36.46,luteal
36.7,36.6,36.64,36.79,36.25,36.43,36.35,menstrual
36.26,36.32,36.54,36.37,36.54,36.45,36.09,ovulatory
35.99,36.18,36.05,36.19,36.1,36.25,35.96,follicular
36.33,36.45,36.44,36.57,36.53,36.27,36.91,luteal
36.44,36.38,36.29,36.37,36.15,36.78,36.59,luteal
36.36,36.2,36.37,36.35,36.2,35.9,36.13,follicular
36.0,36.23,36.15,36.23,35.95,36.22,36.13,follicular
36.26,36.7,36.38,36.55,36.5,36.57,36.48,ovulatory
36.91,36.68,36.9,36.75,36.72,36.95,36.89,luteal
36.8,36.7,36.73,36.82,36.96,36.73,36.87,luteal
36.56,36.85,36.38,36.39,36.66,36.22,36.4,ovulatory
36.09,36.12,36.31,36.18,36.55,36.44,36.63,luteal
36.92,36.74,36.81,36.89,37.14,36.77,36.86,luteal
36.84,36.76,36.75,36.77,36.38,36.4,36.47,menstrual
36.91,36.76,36.88,36.72,36.41,36.46,36.46,menstrual
36.46,36.36,36.31,36.34,36.49,36.29,36.69,luteal
36.15,36.32,36.21,36.23,36.2,36.11,36.15,follicular
36.25,36.36,35.9,35.9,36.58,36.73,36.66,luteal
36.43,36.32,36.36,36.42,36.35,36.38,36.37,follicular
36.39,36.45,36.48,36.15,36.53,36.58,36.17,ovulatory
36.1,36.23,36.12,36.1,36.22,36.18,36.12,ovulatory
36.17,36.16,36.19,36.06,36.16,36.21,36.06,ovulatory
36.52,36.39,36.46,36.34,36.32,36.33,36.5,follicular
36.58,36.54,36.51,36.62,36.31,36.17,36.11,menstrual
36.0,36.13,36.23,36.16,36.07,36.23,36.19,follicular
36.6,36.69,36.8,36.79,36.41,36.29,36.23,menstrual
36.33,36.41,36.27,36.39,36.35,36.45,36.3,ovulatory
36.14,36.13,36.24,36.2,36.14,36.28,36.06,ovulatory
36.27,36.31,36.38,36.3,36.22,36.23,36.16,ovulatory
36.22,36.41,36.56,36.42,36.55,36.62,36.39,ovulatory
36.86,36.71,36.39,36.67,36.13,36.09,36.22,menstrual
36.39,36.22,36.88,36.88,36.55,37.02,36.53,luteal
36.69,36.58,36.63,36.61,36.23,36.34,36.32,menstrual
36.76,36.59,36.91,36.55,36.17,36.23,36.22,menstrual
36.74,36.71,36.64,36.78,36.49,36.43,36.29,menstrual
36.26,36.17,36.52,36.17,36.46,36.16,36.04,ovulatory
36.46,36.25,36.26,36.27,36.27,36.38,36.41,follicular
36.43,36.43,36.32,36.41,36.39,36.23,36.43,follicular
36.46,36.43,36.47,36.37,36.49,36.44,36.48,follicular
36.62,36.65,36.64,36.73,36.09,36.25,36.44,menstrual
36.23,36.12,36.13,36.13,36.21,36.5,36.08,ovulatory
36.59,36.42,36.45,36.38,36.38,36.4,36.2,ovulatory
36.42,36.5,36.46,36.53,36.38,36.22,36.45,ovulatory
36.41,36.33,36.62,36.13,36.42,36.45,36.49,follicular
36.31,36.32,36.33,36.44,36.16,36.32,36.31,follicular
36.31,36.09,36.38,36.05,36.23,36.15,36.09,ovulatory
36.16,36.34,36.23,36.16,36.22,36.17,36.25,follicular
36.5,36.54,36.49,36.57,36.63,36.58,36.54,luteal
36.2,36.25,36.22,36.21,36.39,36.24,36.29,ovulatory
36.2,36.29,36.3,36.3,36.31,36.2,36.33,follicular
36.42,36.49,36.49,36.19,36.86,36.91,36.84,luteal
36.83,36.75,36.9,36.86,36.53,36.56,36.31,menstrual
36.27,36.24,36.42,36.25,36.28,36.33,36.69,luteal
36.19,36.23,36.37,36.49,36.33,36.4,36.42,follicular
36.81,36.54,36.7,36.68,36.78,36.88,36.54,luteal
36.28,36.3,36.31,36.27,36.23,36.27,36.36,follicular
36.48,36.24,36.38,36.35,36.73,36.46,36.29,ovulatory
36.17,36.37,36.2,36.27,36.18,36.17,36.19,ovulatory
36.18,36.21,36.14,36.12,36.03,36.08,36.16,ovulatory
36.31,36.26,36.32,36.56,36.37,36.17,36.09,ovulatory
36.11,36.22,36.29,36.01,36.13,36.0,36.1,follicular
36.65,36.67,36.65,36.55,36.82,36.94,36.83,luteal
36.47,36.24,36.52,36.12,36.51,36.26,36.34,follicular
36.43,36.45,36.44,36.8,37.06,37.01,36.82,luteal
36.74,36.93,36.9,36.82,36.36,36.37,36.45,menstrual
36.18,36.37,36.21,36.19,36.02,36.35,36.12,follicular
36.82,36.69,36.75,36.65,36.25,36.12,36.45,menstrual
36.46,36.5,36.46,36.33,36.95,36.91,36.88,luteal
36.34,36.4,36.47,36.34,36.53,36.48,36.36,ovulatory
36.18,36.3,36.25,36.45,36.57,36.04,36.07,ovulatory
36.62,36.59,36.65,36.74,36.63,36.48,36.8,luteal
36.56,36.47,36.43,36.72,36.57,36.76,36.75,luteal
36.12,36.15,36.1,36.09,36.13,36.13,36.24,follicular
35.89,36.21,36.08,36.33,36.22,36.1,36.13,follicular
36.44,36.24,36.38,36.52,36.36,36.35,36.4,follicular
36.48,36.6,36.46,36.35,36.43,36.29,36.47,follicular
36.29,36.4,36.31,36.18,36.36,36.31,36.4,follicular
36.91,36.84,36.75,36.93,36.36,36.38,36.32,menstrual
36.11,36.15,36.11,36.32,36.3,36.16,36.17,follicular
36.38,36.34,36.76,36.19,36.74,37.08,36.61,luteal
36.48,36.43,36.22,37.1,36.79,36.95,36.81,luteal
36.85,36.77,36.78,36.9,36.83,36.78,36.93,luteal
36.34,36.16,36.32,36.23,36.24,36.31,36.24,ovulatory
36.66,36.75,36.82,36.84,36.9,36.83,36.76,luteal
36.27,36.53,36.78,36.24,36.38,36.56,36.95,luteal
36.52,36.37,36.43,36.41,36.4,36.42,36.41,follicular
36.42,36.07,36.53,36.22,36.32,36.21,36.47,follicular
36.75,36.57,36.66,36.79,36.09,36.34,36.42,menstrual
36.87,36.85,36.95,36.87,36.87,36.8,36.87,luteal
36.32,36.31,36.38,36.36,36.34,36.31,36.3,follicular
36.66,36.6,36.64,36.67,36.9,36.5,36.68,luteal
36.07,36.35,36.33,36.36,36.15,36.11,36.02,ovulatory
36.28,36.22,36.3,36.27,36.32,36.61,36.16,follicular
36.25,36.07,36.35,36.17,36.31,36.26,36.61,luteal
36.91,36.85,36.93,36.83,36.85,36.92,36.79,luteal
36.43,36.51,36.49,36.41,36.14,36.19,36.08,menstrual
36.55,36.65,36.54,36.63,36.6,36.64,36.54,luteal
36.34,36.38,36.33,36.24,36.49,36.3,36.36,ovulatory
36.77,37.02,36.94,36.89,36.26,36.35,36.43,menstrual
36.07,36.07,35.98,36.49,36.55,36.44,36.46,luteal
36.52,36.7,36.83,36.49,36.03,36.41,36.21,menstrual
36.47,36.64,36.44,36.56,36.44,36.56,36.39,ovulatory
36.29,36.62,36.73,36.6,36.72,36.77,36.76,luteal
36.51,36.53,36.61,36.67,36.39,36.48,36.46,luteal
36.52,36.37,36.31,36.46,36.43,36.4,36.31,ovulatory
36.3,36.35,36.32,36.57,36.55,36.29,36.23,ovulatory
36.87,36.77,36.53,36.59,36.61,36.37,36.53,luteal
36.24,36.05,36.23,36.33,36.2,36.26,36.21,follicular
36.23,36.32,36.5,36.48,36.41,37.11,36.69,luteal
36.39,36.51,36.41,36.47,36.57,36.52,36.55,follicular
36.2,36.25,36.17,36.24,36.2,36.25,36.04,ovulatory
36.29,36.33,36.33,36.14,36.33,36.29,36.24,ovulatory
36.88,36.82,36.87,36.84,36.46,36.44,36.36,menstrual
36.62,37.04,36.88,36.4,36.49,36.46,36.44,menstrual
36.26,36.17,36.22,36.31,36.22,36.25,36.23,follicular
36.41,36.5,36.33,36.35,36.55,36.34,36.27,follicular
36.12,36.03,36.05,36.18,36.11,36.23,35.96,ovulatory
36.42,36.49,36.52,36.52,36.39,36.55,36.41,luteal
36.41,36.62,36.67,36.57,36.23,36.21,36.13,menstrual
36.33,36.61,36.51,36.34,36.24,36.27,36.34,ovulatory
36.34,36.28,36.25,36.27,36.29,36.27,36.32,follicular
36.27,36.38,36.36,36.35,36.28,36.58,36.09,ovulatory
36.33,36.36,36.18,36.48,36.27,36.19,36.49,follicular
36.06,36.07,36.15,36.22,36.06,36.07,36.5,luteal
36.93,36.76,36.97,36.56,36.48,36.45,36.29,menstrual
36.49,36.39,36.27,36.51,36.53,36.55,36.11,ovulatory
36.36,35.95,36.15,36.2,35.92,36.28,36.11,follicular
36.27,36.38,36.32,36.22,36.02,36.32,36.08,follicular
36.1,36.34,36.37,36.13,36.17,36.35,36.09,follicular
36.77,36.67,36.84,36.51,36.29,36.33,36.23,menstrual
36.41,36.51,36.44,36.6,36.49,36.61,36.43,luteal
36.24,36.13,36.19,36.19,36.1,36.2,36.11,ovulatory
36.21,36.24,36.34,36.22,36.22,36.19,36.13,follicular
36.16,36.24,36.22,36.22,35.97,36.25,36.71,luteal
36.87,36.94,36.92,36.95,36.89,36.65,36.68,luteal
36.77,36.86,36.86,37.03,36.53,36.37,36.3,menstrual
36.76,36.86,36.76,36.76,36.86,36.91,36.86,luteal
36.49,36.47,36.55,36.64,36.06,36.15,36.03,menstrual
36.53,36.65,36.42,36.79,36.73,36.69,36.82,luteal
36.62,36.47,36.47,36.56,36.39,36.56,36.36,ovulatory
35.96,36.65,36.62,36.76,36.49,36.67,36.66,luteal
36.42,36.22,36.27,36.47,36.42,36.29,36.68,luteal
36.25,36.75,36.75,36.79,36.76,36.73,36.83,luteal
36.32,36.46,36.32,36.34,36.67,36.74,36.81,luteal
36.3,36.13,36.33,36.11,36.61,36.59,36.7,luteal
36.66,36.57,36.62,36.6,36.57,36.51,36.43,luteal
36.77,36.71,36.81,36.85,36.26,36.22,36.26,menstrual
36.8,36.62,36.46,36.65,36.34,36.39,36.34,menstrual
35.97,36.62,36.55,36.65,36.56,36.48,36.61,luteal
36.35,36.27,36.36,36.36,36.31,36.31,36.2,ovulatory
36.38,36.3,36.13,36.28,36.19,36.92,36.59,luteal
36.82,36.93,36.78,36.83,36.36,36.27,36.4,menstrual
36.31,36.26,36.78,36.85,36.98,36.72,36.87,luteal
36.17,36.05,36.14,36.15,36.14,36.04,36.05,ovulatory
36.04,36.17,36.13,36.12,35.98,36.06,36.05,ovulatory
36.53,36.44,36.27,36.22,36.35,36.09,36.55,luteal
36.8,36.74,36.76,36.78,36.39,36.43,36.47,menstrual
36.55,36.81,36.71,36.53,36.6,36.87,36.86,luteal
36.17,36.16,35.9,36.5,36.6,36.31,36.33,ovulatory
36.39,36.45,36.43,36.46,36.5,36.53,36.35,ovulatory
36.37,36.44,36.32,36.48,36.44,36.58,36.25,follicular
36.2,36.24,36.28,36.25,36.25,36.18,36.16,ovulatory
36.13,36.25,36.27,36.28,36.24,36.19,36.16,follicular
36.41,36.35,36.43,36.27,36.33,36.31,36.37,follicular
36.73,36.67,36.52,36.73,36.62,36.63,36.59,luteal
36.63,36.6,36.6,36.58,36.69,36.8,36.66,luteal
36.14,36.13,36.13,36.06,35.97,36.21,36.0,ovulatory
36.27,36.28,36.23,36.21,36.27,36.38,36.23,ovulatory
36.09,36.02,36.35,36.2,36.29,36.38,36.15,ovulatory
36.09,36.18,36.11,36.2,36.06,36.71,36.59,luteal
36.61,36.67,36.75,36.76,36.81,36.58,36.82,luteal
36.39,36.5,36.49,36.49,36.4,36.43,36.49,ovulatory
36.41,36.41,36.36,36.66,36.44,36.58,36.56,ovulatory
36.57,36.48,36.4,36.31,36.44,36.49,36.33,ovulatory
36.56,36.48,36.6,36.47,36.37,36.86,36.88,luteal
36.5,36.14,36.5,36.32,36.33,36.21,36.32,ovulatory
36.47,36.66,36.41,36.38,36.63,36.5,36.44,ovulatory
36.28,36.4,36.38,36.31,36.44,36.34,36.2,ovulatory
36.33,36.28,36.35,36.35,36.32,36.38,36.2,ovulatory
36.02,36.21,35.99,36.44,36.64,36.61,36.39,luteal
36.39,36.11,36.28,36.1,36.08,36.39,36.28,follicular
36.89,36.84,36.77,36.84,36.41,36.34,36.45,menstrual
36.69,36.61,36.63,36.66,36.36,36.32,36.39,menstrual
36.55,36.45,36.58,36.44,36.53,36.67,36.44,ovulatory
36.72,36.69,36.68,36.71,36.29,36.22,36.3,menstrual
36.51,36.56,36.46,36.47,36.55,36.54,36.4,follicular
36.27,36.39,36.52,36.24,36.25,36.13,36.33,follicular
36.11,36.02,36.19,36.27,36.21,36.36,36.22,follicular
36.26,36.11,36.27,36.12,36.21,36.0,36.28,ovulatory
36.38,36.44,36.55,36.35,36.41,36.31,36.35,follicular
36.42,36.39,36.7,36.57,36.52,36.45,36.25,ovulatory
36.04,36.24,36.15,36.13,35.95,36.6,36.47,luteal
36.51,36.35,36.62,36.64,36.36,36.34,36.49,follicular
36.62,36.34,36.29,36.42,36.13,36.6,36.31,follicular
36.45,36.35,36.27,36.18,36.47,36.35,36.41,follicular
36.88,36.86,36.81,36.75,36.44,36.47,36.38,menstrual
36.15,36.23,36.31,36.12,36.08,36.21,36.16,follicular
36.25,36.09,36.03,36.21,36.24,36.08,36.38,follicular
36.94,36.87,36.87,36.89,36.35,36.42,36.46,menstrual
36.91,36.85,36.92,36.9,36.52,36.5,36.44,menstrual
36.29,36.42,36.22,36.32,36.44,36.2,36.28,follicular
36.64,36.45,36.54,36.47,36.46,36.52,36.59,luteal
36.53,36.42,36.32,36.4,36.51,36.14,36.59,follicular
36.36,36.4,36.43,36.38,36.72,36.76,36.85,luteal
36.06,36.1,36.16,35.92,36.51,36.58,36.45,luteal
36.27,35.95,36.25,36.3,36.13,36.21,36.17,follicular
36.86,36.93,36.77,36.74,36.28,36.86,36.15,menstrual
36.28,36.29,36.22,36.1,36.08,36.35,36.1,ovulatory
35.97,36.1,36.07,36.16,35.94,35.97,35.85,ovulatory
36.03,36.15,36.26,35.97,36.18,36.2,36.03,follicular
36.28,36.28,36.27,36.17,36.37,36.38,36.2,ovulatory
36.5,36.66,36.3,36.78,36.8,36.81,36.85,luteal
36.55,36.57,36.25,36.27,36.56,36.43,36.49,ovulatory
36.45,36.62,36.46,36.56,36.21,36.15,36.17,menstrual
36.43,36.39,36.41,36.49,36.43,36.8,36.95,luteal
36.15,36.81,36.99,36.91,36.74,36.87,36.98,luteal
36.13,36.27,36.12,36.24,36.51,36.25,36.07,ovulatory
36.38,36.27,36.6,36.39,36.43,36.44,36.54,follicular
36.41,36.56,35.98,36.6,36.48,36.51,36.46,follicular
36.82,36.76,36.84,36.71,36.4,36.39,36.37,menstrual
36.13,36.34,36.3,36.32,36.32,36.28,36.12,ovulatory
36.78,36.67,36.73,36.74,36.65,36.81,36.77,luteal
36.22,36.21,36.14,36.25,36.12,36.04,36.35,follicular
36.59,36.82,36.68,36.87,36.93,36.61,36.95,luteal
36.52,36.34,36.31,36.38,36.4,36.29,36.34,follicular
36.92,36.83,37.01,36.7,36.94,36.89,36.79,luteal
36.46,36.46,36.34,36.44,36.54,36.62,36.28,ovulatory
36.72,36.86,36.68,36.93,36.24,36.53,36.45,menstrual
36.46,36.49,36.48,36.8,36.82,36.76,36.9,luteal
36.27,36.57,36.28,36.48,36.22,36.24,36.4,ovulatory
36.5,36.44,36.25,36.49,36.53,36.53,36.32,follicular
36.38,36.34,36.22,36.25,36.26,36.16,35.99,ovulatory
36.43,36.32,36.41,36.38,36.43,36.28,36.3,follicular
36.67,36.68,36.5,36.57,36.23,36.13,36.33,menstrual
36.52,36.58,36.53,36.3,36.6,36.49,36.54,ovulatory
36.55,36.56,36.46,36.51,36.12,36.18,36.18,menstrual
36.72,36.65,36.67,36.8,36.34,36.35,36.28,menstrual
36.43,36.55,36.34,36.51,36.43,36.35,36.61,follicular
36.28,36.36,36.25,36.33,36.26,36.21,36.24,ovulatory
36.28,36.87,36.77,36.71,36.73,36.69,36.66,luteal
36.55,36.54,36.63,36.53,36.64,36.68,36.58,luteal
36.74,36.63,36.83,36.82,36.82,36.85,36.67,luteal
36.8,36.74,36.65,36.53,36.79,36.84,36.71,luteal
36.15,36.29,36.3,36.09,36.1,36.01,36.19,follicular
36.26,36.19,36.23,36.25,36.25,36.19,36.12,ovulatory
36.48,36.5,36.31,36.43,36.4,36.37,36.22,ovulatory
36.08,36.29,36.23,36.05,36.03,36.26,36.04,ovulatory
36.26,36.49,36.38,36.42,36.32,36.44,36.45,follicular
36.23,36.34,36.59,36.48,36.34,36.28,36.19,ovulatory
36.36,36.62,36.32,36.42,36.77,36.91,36.61,luteal
36.31,36.26,36.42,36.2,36.2,36.44,36.23,follicular
36.44,36.44,36.4,36.48,36.52,36.35,36.92,luteal
36.99,36.9,36.89,36.79,36.54,36.48,36.45,menstrual
36.19,36.23,36.39,36.11,36.25,36.31,36.1,ovulatory
36.84,36.82,36.86,36.74,36.37,36.37,36.2,menstrual
36.7,36.63,36.68,36.65,36.37,36.21,36.42,menstrual
36.4,36.41,36.2,36.17,36.16,36.02,36.27,ovulatory
36.36,36.46,36.3,36.51,36.48,36.45,36.55,luteal
36.72,37.02,36.68,36.86,36.7,36.73,36.74,luteal
36.46,36.53,36.52,36.52,36.47,36.55,36.31,ovulatory
36.65,36.6,36.56,36.55,36.37,36.15,36.15,menstrual
36.85,36.91,36.93,36.91,36.83,36.74,36.93,luteal
36.86,36.73,36.86,36.89,36.92,36.83,36.9,luteal
36.7,36.74,36.17,36.62,36.22,36.48,36.89,luteal
36.13,36.1,35.9,36.17,36.31,36.11,35.96,ovulatory
36.24,36.18,36.17,36.2,36.11,36.21,36.13,follicular
36.3,36.24,36.23,36.33,36.28,36.16,36.18,ovulatory
36.69,36.7,36.62,36.58,36.27,36.17,36.23,menstrual
36.62,36.88,36.73,36.85,36.76,36.68,36.94,luteal
36.65,36.63,36.61,36.66,36.66,36.47,36.79,luteal
36.69,36.69,36.85,36.54,36.35,36.35,36.16,menstrual
36.56,36.61,36.68,36.53,36.56,36.53,36.33,luteal
36.3,36.42,36.2,36.34,36.47,36.42,36.53,follicular
36.23,36.41,36.31,36.41,36.34,36.4,36.38,follicular
36.47,36.53,36.49,36.43,36.53,36.42,36.43,follicular
36.92,36.66,36.76,36.67,36.4,36.43,36.36,menstrual
36.63,36.56,36.43,36.44,36.28,36.42,36.46,ovulatory
36.48,36.86,36.77,36.94,36.96,36.87,36.96,luteal
36.41,36.4,36.5,36.92,36.95,36.68,36.84,luteal
36.29,36.79,36.67,36.64,36.67,36.81,36.98,luteal
36.48,35.8,36.1,36.13,36.08,36.01,36.04,ovulatory
36.28,36.08,36.1,36.3,36.12,36.21,36.24,follicular
36.44,36.44,36.47,36.31,36.34,36.6,36.2,ovulatory
36.64,36.74,36.48,36.84,36.21,36.1,36.4,menstrual
36.2,36.25,36.2,36.07,36.22,36.22,36.0,ovulatory
36.07,36.32,36.23,36.32,36.13,36.13,36.02,follicular
36.7,36.79,36.65,36.61,36.51,36.41,36.18,menstrual
36.23,36.06,36.32,36.01,36.02,36.09,36.21,follicular
36.47,36.4,36.25,36.08,36.27,36.13,36.3,ovulatory
36.97,36.68,36.94,36.89,36.55,36.37,36.42,menstrual
36.6,36.64,36.57,36.59,36.58,36.6,36.67,luteal
36.39,36.18,36.57,36.67,36.57,36.65,36.65,luteal
36.5,36.12,36.42,36.51,36.33,36.25,36.22,ovulatory
36.46,36.47,36.33,36.44,36.4,36.38,36.38,luteal
36.63,36.54,36.66,36.7,36.79,36.4,36.59,luteal
36.62,36.8,36.77,36.63,36.27,36.28,36.33,menstrual
36.73,36.66,36.77,36.63,36.16,36.49,36.16,menstrual
36.45,36.41,36.41,36.4,36.29,36.34,36.25,ovulatory
36.19,36.16,36.13,36.22,36.1,36.19,36.15,ovulatory
36.37,36.32,36.28,36.38,36.34,36.28,36.28,follicular
36.54,36.5,36.54,36.48,36.57,36.36,36.31,follicular
36.27,36.18,36.12,35.96,35.93,36.16,36.03,follicular
36.87,36.84,36.85,36.96,36.37,36.56,36.46,menstrual
36.79,36.77,36.83,36.88,36.43,36.39,36.43,menstrual
36.26,36.45,36.46,36.4,36.28,36.36,36.39,follicular
36.92,36.66,36.76,36.59,36.64,36.38,36.54,menstrual
36.66,36.49,36.67,36.87,36.31,36.3,36.22,menstrual
36.81,36.73,36.73,36.9,36.86,36.81,36.89,luteal
36.09,36.12,36.19,36.23,36.26,36.17,36.16,ovulatory
36.16,36.27,36.46,36.34,36.38,36.15,36.24,ovulatory
36.7,36.7,36.73,36.81,36.53,36.46,36.38,menstrual
37.04,36.79,37.07,36.85,36.98,36.99,36.82,luteal
36.39,36.49,36.54,36.34,36.83,36.17,36.37,follicular
36.24,36.27,36.31,36.23,36.19,36.14,36.33,ovulatory
36.13,36.36,36.33,36.28,36.15,36.09,36.01,ovulatory
36.43,36.71,36.46,36.7,36.21,36.25,36.18,menstrual
36.46,36.49,36.7,36.64,36.52,36.35,36.53,luteal
36.8,36.79,36.7,36.84,36.96,37.01,36.88,luteal
36.76,36.79,36.85,36.79,36.42,36.36,36.31,menstrual
36.2,36.22,36.07,36.27,36.06,36.0,36.1,follicular
36.61,36.36,36.42,36.42,36.57,36.64,36.59,luteal
36.19,36.97,37.09,36.76,36.91,37.0,36.93,luteal
36.23,36.2,36.31,36.21,36.2,36.4,36.26,follicular
36.64,36.48,36.7,36.62,36.21,36.25,36.07,menstrual
36.85,36.79,36.87,36.8,36.79,36.8,36.81,luteal
36.13,36.19,36.12,36.26,36.37,36.2,36.07,follicular
36.11,36.16,36.15,36.21,36.13,36.23,36.11,follicular
37.06,36.6,36.92,36.59,36.29,36.45,36.56,menstrual
36.19,36.45,36.14,36.54,36.59,36.61,36.92,luteal
36.26,35.93,36.21,36.15,36.09,36.12,36.16,ovulatory
36.19,36.3,36.33,36.23,36.08,36.05,36.23,ovulatory
36.56,36.86,36.61,36.9,36.76,36.82,36.7,luteal
36.34,36.29,36.04,36.12,36.17,36.54,36.72,luteal
36.55,36.51,36.53,36.37,36.39,36.83,36.88,luteal
36.37,36.34,36.32,36.8,36.73,36.71,36.72,luteal
36.89,36.82,36.81,36.77,36.42,36.21,36.34,menstrual
36.41,36.77,36.75,36.49,36.7,36.47,36.77,luteal
36.35,36.32,36.45,36.5,36.49,36.36,36.45,follicular
36.52,36.49,36.52,36.52,36.11,36.1,36.11,menstrual
36.44,36.0,36.05,36.46,36.59,36.54,36.38,luteal
36.32,36.39,36.28,36.55,36.47,36.33,36.39,follicular
36.76,36.67,36.71,36.68,36.51,36.72,36.68,luteal
36.33,36.4,36.54,36.35,36.4,36.5,36.51,follicular
36.25,36.29,36.28,36.24,36.37,36.28,36.31,ovulatory
36.24,36.59,36.52,36.53,36.37,36.32,36.51,ovulatory
36.52,36.46,36.47,36.43,36.45,36.55,36.43,follicular
36.43,36.3,36.35,36.4,36.47,36.47,36.33,follicular
36.62,36.58,36.57,36.8,36.68,36.61,36.47,luteal
36.65,36.87,36.72,36.7,36.66,36.68,36.68,luteal
36.2,36.29,36.39,36.57,36.51,36.54,36.37,follicular
36.41,36.46,36.42,36.47,36.39,36.4,36.31,ovulatory
36.32,36.2,36.39,36.24,36.75,36.75,36.64,luteal
36.46,36.51,36.43,36.44,36.87,36.82,36.86,luteal
35.94,36.84,36.62,36.65,36.49,36.53,36.59,luteal
36.32,36.4,36.18,36.17,36.25,36.42,36.02,ovulatory
36.14,36.27,36.19,36.16,36.15,36.2,35.89,ovulatory
36.28,36.25,36.18,36.23,36.33,36.45,36.15,follicular
36.24,36.46,36.28,36.59,36.39,36.35,36.14,ovulatory
36.01,36.32,36.01,36.3,36.25,36.29,35.89,ovulatory
36.23,36.46,35.91,36.4,36.48,36.11,36.14,ovulatory
36.79,36.87,36.82,37.01,36.82,36.84,36.76,luteal
36.16,36.22,36.2,36.15,36.18,36.12,36.05,ovulatory
36.22,36.12,36.29,35.99,35.93,36.14,36.14,follicular
36.39,36.59,36.49,36.13,36.63,36.15,36.27,ovulatory
36.12,36.26,36.18,36.17,36.24,36.11,36.08,ovulatory
36.72,36.83,36.77,36.78,36.3,36.32,36.58,menstrual
36.35,36.41,36.5,36.34,36.4,36.42,36.48,follicular
36.39,36.06,36.28,36.03,36.12,36.17,36.21,follicular
36.59,36.56,36.65,36.57,36.19,36.17,36.22,menstrual
36.8,36.93,36.83,36.74,36.78,36.92,36.74,luteal
36.41,36.35,36.37,36.56,36.43,36.41,36.25,follicular
36.69,36.65,36.63,36.74,36.21,36.39,36.41,menstrual
36.43,36.51,36.61,36.39,36.57,36.39,36.63,follicular
36.79,36.88,36.83,36.85,36.83,36.88,36.91,luteal
36.56,36.75,36.52,36.65,36.43,36.54,36.37,luteal
36.2,36.15,36.13,36.4,36.35,36.29,36.03,ovulatory
36.0,36.3,36.3,36.19,36.19,36.19,36.05,follicular
36.76,36.86,36.96,36.81,36.93,36.87,36.86,luteal
36.46,36.56,36.52,36.54,36.44,36.56,36.57,luteal
36.38,36.02,36.1,36.15,36.12,36.16,36.11,follicular
36.29,36.46,36.22,36.5,36.2,36.73,36.52,luteal
36.79,36.77,36.7,36.72,36.17,36.42,36.28,menstrual
36.15,36.05,36.44,36.31,36.26,36.43,35.96,follicular
36.13,36.17,36.1,36.11,36.03,36.57,36.53,luteal
36.55,36.6,36.72,36.81,35.85,36.21,36.16,menstrual
36.83,36.84,36.59,36.62,36.38,36.35,36.49,menstrual
36.26,36.24,36.7,36.64,36.68,36.63,36.6,luteal
36.34,36.54,36.58,36.48,36.4,36.38,36.4,follicular
36.3,36.31,36.52,36.3,36.27,36.43,36.39,follicular
36.38,36.43,36.23,36.74,36.67,36.78,36.72,luteal
36.43,36.52,36.38,36.5,36.52,36.41,36.43,follicular
36.74,36.76,36.63,36.83,36.7,36.65,36.72,luteal
36.49,36.54,36.53,36.97,36.93,36.89,36.98,luteal
36.34,36.53,36.32,36.1,36.59,36.31,36.35,follicular
36.01,36.15,36.24,36.16,36.14,35.94,36.08,ovulatory
36.24,36.15,36.22,36.34,36.3,36.39,36.19,follicular
36.78,36.69,36.63,36.8,36.54,36.68,36.8,luteal
36.7,36.7,36.69,36.82,36.19,36.25,36.25,menstrual
36.13,36.14,36.25,36.06,36.17,36.23,36.21,follicular
36.77,36.55,36.74,36.86,36.24,36.36,36.05,menstrual
36.53,36.5,36.47,36.58,36.44,36.41,36.3,ovulatory
36.71,36.68,36.69,36.68,36.26,36.29,36.42,menstrual
36.45,36.49,36.45,36.48,36.55,36.43,36.39,follicular
36.78,36.88,36.86,36.92,36.6,36.48,36.42,menstrual
36.47,36.44,36.42,36.45,36.45,36.28,36.44,follicular
36.4,36.42,36.49,36.58,36.67,36.81,36.61,luteal
36.98,36.87,36.71,36.94,36.86,36.75,36.69,luteal
36.45,37.05,36.62,36.61,36.03,36.34,36.08,menstrual
36.53,36.38,36.35,36.57,36.36,36.43,36.83,luteal
36.27,36.6,36.68,36.71,36.3,36.3,36.18,menstrual
36.11,36.35,36.31,36.06,36.62,36.68,36.84,luteal
36.52,36.52,36.42,36.44,36.18,36.05,36.01,menstrual
36.16,36.14,36.06,36.31,36.54,36.54,36.14,ovulatory
36.22,36.03,36.22,36.19,36.01,36.22,36.23,follicular
36.08,36.47,36.44,36.29,36.53,36.57,36.59,luteal
36.31,36.31,36.57,36.8,36.74,36.78,36.6,luteal
36.23,36.41,36.3,36.32,36.25,36.36,36.07,ovulatory
36.02,36.8,36.77,36.61,36.73,36.62,36.52,luteal
36.85,36.86,36.8,37.04,36.29,36.45,36.48,menstrual
36.05,35.9,36.25,36.42,36.47,36.13,36.06,ovulatory
36.25,36.36,36.33,36.32,36.41,36.33,36.3,follicular
36.03,36.11,36.09,36.13,36.09,36.26,36.13,ovulatory
36.82,36.6,36.78,36.74,36.2,36.25,36.53,menstrual
36.24,36.49,36.34,36.32,36.45,36.59,36.41,follicular
36.32,36.29,36.19,36.14,36.37,36.27,36.17,ovulatory
36.85,37.06,36.8,36.73,36.59,36.5,36.24,menstrual
36.46,36.47,36.39,36.52,36.55,36.16,36.28,ovulatory
36.85,36.79,36.75,36.99,36.69,36.84,36.8,luteal
36.52,36.72,36.72,36.8,36.33,36.2,36.38,menstrual
36.23,35.8,36.1,36.39,36.23,36.15,36.59,luteal
36.87,37.03,36.84,36.89,36.75,36.36,36.66,menstrual
36.21,36.25,36.26,36.21,36.25,36.2,36.08,ovulatory
35.94,36.23,36.26,36.52,36.36,36.2,36.38,follicular
36.25,36.13,36.34,36.23,36.2,36.3,36.36,follicular
36.51,36.57,36.74,36.67,36.25,36.29,36.3,menstrual
36.61,36.93,36.63,36.79,36.41,36.68,36.58,luteal
36.03,36.09,36.52,36.54,36.61,36.74,36.6,luteal
36.38,36.28,36.46,36.42,36.26,36.76,36.78,luteal
36.39,36.13,36.42,36.4,36.39,36.24,36.36,ovulatory
36.57,36.3,36.36,36.46,36.45,36.4,36.33,follicular
36.29,36.31,36.34,36.48,36.38,36.53,36.33,ovulatory
36.67,36.62,36.61,36.7,36.62,36.63,36.6,luteal
36.41,36.39,36.49,36.41,36.48,36.52,36.47,follicular
36.19,36.89,36.77,36.59,36.53,36.74,36.43,luteal
36.92,36.92,36.87,36.75,37.12,36.73,36.95,luteal
36.37,36.44,36.22,36.35,36.27,36.45,36.23,ovulatory
36.46,36.55,36.47,36.48,36.33,36.63,36.34,ovulatory
36.89,36.77,36.64,36.8,36.74,36.66,36.63,luteal
36.54,36.67,36.57,36.46,36.49,36.7,36.71,luteal
36.33,36.56,36.54,36.37,36.46,36.5,36.34,ovulatory
36.58,36.83,36.47,36.65,36.21,36.38,36.27,menstrual
36.23,36.08,36.05,36.11,35.88,36.02,36.05,ovulatory
36.48,36.58,36.34,36.42,35.93,36.05,36.08,menstrual
36.25,36.05,36.13,36.11,36.09,36.3,36.02,ovulatory
36.33,36.41,36.12,36.17,36.13,36.08,36.42,follicular
36.68,36.49,36.82,36.76,36.29,36.4,36.3,menstrual
36.73,36.71,36.79,36.67,36.28,36.34,36.38,menstrual
36.68,36.69,36.79,36.69,36.28,36.36,36.4,menstrual
36.2,36.3,36.35,36.41,36.28,36.11,36.06,ovulatory
36.23,36.24,36.13,36.08,36.12,36.13,36.22,ovulatory
36.32,36.47,36.4,36.5,36.29,36.38,36.31,follicular
36.27,36.37,36.37,36.17,36.42,36.19,36.19,ovulatory
36.06,36.46,36.28,36.15,36.36,36.14,36.23,follicular
36.72,36.64,36.75,36.73,36.35,36.29,36.17,menstrual
36.57,36.25,36.41,36.32,36.51,36.78,36.72,luteal
36.33,36.33,36.34,36.32,36.33,36.32,36.23,ovulatory
36.65,36.57,36.54,36.53,35.94,35.86,36.08,menstrual
36.79,36.72,36.86,37.05,36.38,36.38,36.26,menstrual
36.3,36.29,36.35,36.43,36.32,36.39,36.22,ovulatory
36.72,36.55,36.87,36.51,36.42,36.14,36.49,menstrual
36.63,36.47,36.8,36.68,36.27,36.09,36.32,menstrual
36.37,36.03,36.24,36.16,36.24,36.24,36.32,follicular
36.39,36.44,36.46,36.74,36.38,36.41,36.54,follicular
36.16,36.1,36.3,36.13,36.51,36.65,36.48,luteal
36.67,36.65,36.64,36.64,36.27,36.26,36.24,menstrual
36.57,36.63,36.52,36.56,36.33,36.13,36.12,menstrual
36.25,36.21,36.25,36.36,36.17,36.33,36.15,follicular
36.51,36.54,36.69,36.43,36.28,36.47,36.49,ovulatory
36.31,36.26,36.16,36.09,36.08,36.24,36.14,follicular
36.57,36.61,36.65,36.56,36.7,36.51,36.7,luteal
36.87,36.91,36.79,36.86,36.9,36.88,36.93,luteal
36.47,36.67,36.77,36.76,36.81,36.62,36.79,luteal
36.78,36.85,37.02,36.74,36.57,36.38,36.47,menstrual
36.01,36.07,36.49,36.41,36.46,36.12,36.11,ovulatory
36.15,36.25,36.38,36.21,36.23,36.28,36.31,follicular
36.82,36.7,36.77,36.7,36.83,36.71,36.62,luteal
36.72,36.75,36.8,36.63,36.43,36.46,36.17,menstrual
36.12,36.29,36.16,36.16,36.22,36.08,36.34,follicular
36.42,36.25,36.36,36.26,36.35,36.45,36.27,follicular
36.55,36.63,36.33,36.56,36.23,36.35,36.31,menstrual
36.63,36.54,36.59,36.37,36.52,36.51,36.3,ovulatory
36.15,36.19,36.11,36.48,36.17,36.15,36.04,ovulatory
36.95,36.81,36.88,36.74,36.39,36.47,36.38,menstrual
36.05,36.25,36.23,36.05,36.15,36.11,35.97,follicular
36.59,36.7,36.57,36.79,36.58,36.72,36.57,luteal
36.71,36.47,36.82,36.62,36.6,36.22,36.39,menstrual
36.36,36.5,36.54,36.57,36.4,36.4,36.41,follicular
36.9,36.83,36.89,36.95,36.96,36.96,36.75,luteal
36.23,36.43,36.5,36.49,36.41,36.46,36.53,follicular
36.67,36.82,36.59,36.72,36.39,36.36,36.35,menstrual
36.3,36.12,36.08,36.19,36.23,36.28,36.22,follicular
36.73,36.81,36.68,36.83,36.69,36.47,36.79,luteal
36.21,36.44,36.12,36.21,36.27,36.26,36.06,ovulatory
36.47,36.48,36.49,36.39,36.38,36.47,36.27,ovulatory
36.53,36.66,36.92,36.76,36.88,36.75,37.0,luteal
36.19,36.29,36.37,36.59,36.39,36.37,36.42,follicular
36.52,36.82,36.55,36.79,36.35,36.34,36.12,menstrual
36.73,36.85,37.03,37.09,36.93,36.92,36.8,luteal
36.54,36.38,36.44,36.43,36.48,36.39,36.37,ovulatory
36.48,36.42,36.53,36.4,36.41,36.32,37.21,luteal
36.13,36.31,36.35,36.35,36.2,36.31,36.38,follicular
36.52,36.19,36.45,36.39,36.03,36.04,36.07,menstrual
36.45,36.36,36.38,36.49,36.47,36.43,36.36,ovulatory
36.37,36.63,36.8,36.65,36.41,36.13,36.08,menstrual
36.59,36.56,36.81,36.81,36.34,36.47,36.27,menstrual
36.19,36.34,36.19,36.24,36.32,36.2,36.24,follicular
36.8,36.98,36.88,36.74,36.46,36.49,36.31,menstrual
36.4,36.31,36.28,36.35,36.41,36.41,36.52,follicular
36.4,36.48,36.31,36.13,36.47,36.41,36.15,ovulatory
36.82,36.6,36.58,36.75,36.14,36.4,36.21,menstrual
36.96,36.78,36.68,36.88,36.74,36.69,36.75,luteal
36.48,36.4,36.47,36.31,36.37,36.27,36.31,ovulatory
36.25,36.44,36.36,36.44,36.86,36.62,37.08,luteal
36.51,36.5,36.47,36.55,36.47,36.45,36.4,ovulatory
36.26,36.28,36.23,36.32,36.24,36.36,36.21,follicular
36.56,36.64,36.5,36.39,36.56,36.25,37.16,luteal
36.36,36.24,36.53,36.48,36.44,36.46,36.23,ovulatory
36.86,36.9,36.95,36.83,36.51,36.4,36.39,menstrual
36.56,36.53,36.62,36.61,36.7,36.7,36.65,luteal
36.17,36.23,36.31,36.64,36.59,36.78,36.87,luteal
36.39,36.66,36.8,36.51,36.19,36.1,36.06,menstrual
36.35,36.4,36.35,36.28,36.29,36.28,36.33,follicular
36.21,36.4,36.29,36.28,36.15,36.34,36.24,ovulatory
36.41,36.58,36.5,36.54,36.43,36.86,36.89,luteal
36.52,36.7,36.54,36.59,36.77,36.62,36.53,luteal
36.47,36.49,36.59,36.61,36.36,35.98,36.12,menstrual
36.87,37.24,36.75,37.15,36.64,36.47,36.56,menstrual
36.44,36.69,36.48,36.5,36.27,36.2,36.11,menstrual
36.66,36.59,36.56,36.57,36.58,36.47,36.64,luteal
36.61,36.42,36.32,36.63,36.53,36.59,36.33,ovulatory
36.92,36.74,36.48,36.65,36.58,36.39,36.3,menstrual
36.56,36.68,36.55,36.57,36.08,36.03,36.13,menstrual
36.76,36.73,36.82,36.79,36.42,36.44,36.48,menstrual
36.25,36.02,36.23,36.35,36.1,36.17,36.4,follicular
36.44,36.45,36.74,36.47,36.27,36.36,36.21,ovulatory
36.36,36.37,36.1,36.34,36.31,36.29,36.27,follicular
36.64,36.41,36.44,36.42,36.3,36.45,36.43,ovulatory
36.2,36.18,36.27,36.51,36.3,36.34,36.33,ovulatory
36.48,36.54,36.34,36.53,36.49,36.6,36.48,ovulatory
36.72,36.38,36.51,36.89,36.26,36.02,36.1,menstrual
35.8,36.34,36.01,36.18,35.97,36.17,35.86,ovulatory
36.56,36.45,36.37,36.51,36.07,36.26,36.11,menstrual
36.1,36.11,36.15,36.25,36.07,36.02,36.18,follicular
36.46,36.39,36.38,36.36,36.32,36.41,36.33,ovulatory
36.72,36.74,36.72,36.77,36.44,36.38,36.33,menstrual
36.29,36.25,36.33,36.12,36.59,36.71,36.59,luteal
36.77,36.66,36.94,36.82,36.77,36.8,36.84,luteal
36.21,36.16,35.94,36.09,36.19,36.2,36.07,follicular
36.26,36.2,36.28,36.3,36.29,36.21,36.24,follicular
36.55,36.49,36.66,36.48,36.41,36.2,36.08,menstrual
36.24,36.31,36.29,36.3,36.32,36.26,36.25,ovulatory
36.17,36.51,36.49,36.21,36.78,36.56,36.93,luteal
36.66,36.66,36.3,36.53,36.24,36.19,36.16,menstrual
36.42,36.33,36.32,36.27,36.38,36.5,36.34,follicular
36.64,36.52,36.35,36.3,36.67,36.57,36.5,follicular
36.15,36.19,36.27,36.14,36.28,36.11,36.0,ovulatory
36.36,36.37,36.21,36.12,36.05,36.18,36.26,follicular
36.54,36.61,36.55,36.8,36.8,36.79,36.41,luteal
36.39,36.05,36.02,36.37,36.19,36.43,36.26,follicular
36.65,36.49,36.42,36.42,36.28,36.35,36.34,ovulatory
36.52,36.16,36.06,36.38,36.2,36.03,36.03,follicular
36.19,36.45,36.34,36.09,36.35,36.42,36.97,luteal
36.71,36.77,36.72,37.0,36.45,36.29,36.29,menstrual
36.88,36.68,36.87,36.9,36.38,36.41,36.44,menstrual
36.81,36.86,36.9,36.78,37.04,36.91,36.74,luteal
36.87,36.61,36.92,36.86,36.49,36.42,36.65,menstrual
36.05,36.2,36.32,36.06,36.26,36.24,36.32,follicular
36.62,36.83,36.9,36.72,36.3,36.22,36.46,menstrual
36.46,36.37,36.53,36.45,36.42,36.38,36.49,follicular
36.74,36.68,36.53,36.42,36.27,36.35,36.24,ovulatory
36.2,36.17,36.47,36.39,36.46,36.23,36.44,ovulatory
36.47,36.29,36.19,36.42,36.16,36.21,36.13,ovulatory
36.12,36.35,36.29,36.05,36.28,35.8,36.16,follicular
36.27,36.41,36.3,36.31,36.2,36.21,36.36,follicular
36.57,36.56,36.53,36.53,36.16,36.11,36.19,menstrual
36.72,36.8,36.73,36.78,36.44,36.38,36.32,menstrual
36.37,36.29,36.23,36.26,36.31,36.39,36.26,follicular
36.19,36.14,36.12,36.27,36.32,36.05,35.88,ovulatory
36.53,36.69,36.54,36.77,36.65,36.53,36.7,luteal
36.16,36.38,36.34,36.44,36.35,36.43,36.37,ovulatory
36.34,36.3,36.43,36.42,36.32,36.49,36.38,follicular
36.32,36.49,36.53,36.39,36.4,36.47,36.28,ovulatory
36.1,35.85,36.04,36.03,35.98,36.47,36.24,luteal
36.15,36.15,36.21,36.26,36.18,36.28,36.15,ovulatory
36.29,36.53,36.15,35.87,36.58,36.57,36.57,luteal
36.49,36.6,36.35,36.62,36.75,36.39,36.66,luteal
36.41,36.44,36.56,36.28,36.28,36.3,36.28,follicular
36.26,36.35,36.2,36.36,36.27,36.37,36.18,ovulatory
36.66,36.83,36.75,36.72,36.58,36.48,36.5,menstrual
36.28,36.27,36.17,36.07,36.21,36.24,36.18,ovulatory
36.41,36.42,36.57,36.52,36.35,36.48,36.19,ovulatory
36.23,36.19,36.33,36.21,36.21,36.17,35.98,follicular
36.48,36.64,36.43,36.56,36.08,36.16,35.98,menstrual
36.08,36.2,36.21,36.1,36.06,36.14,36.05,ovulatory
36.15,36.11,36.1,35.96,36.11,35.99,35.97,ovulatory
36.22,36.24,36.34,36.39,36.2,36.11,36.67,luteal
36.56,36.7,36.55,36.47,36.03,36.11,36.14,menstrual
36.36,36.34,36.48,36.42,36.39,36.43,36.23,ovulatory
36.45,36.74,36.56,36.85,35.94,36.22,36.16,menstrual
36.19,36.17,36.18,36.08,36.14,36.18,36.21,follicular
36.55,36.6,36.59,36.53,36.7,36.65,36.57,luteal
36.79,36.82,36.85,36.83,36.73,37.03,36.81,luteal
36.58,36.63,36.59,36.64,36.31,36.15,36.39,menstrual
36.54,36.48,36.45,36.48,36.48,36.43,36.42,follicular
36.18,36.21,36.21,36.26,36.34,36.29,36.18,ovulatory
36.5,36.34,36.71,36.62,36.52,36.44,36.61,follicular
36.08,36.36,36.21,36.36,36.28,36.39,36.07,follicular
36.14,36.14,36.16,36.3,36.16,36.14,36.1,follicular
